-- phpMyAdmin SQL Dump
-- version 5.2.0
-- https://www.phpmyadmin.net/
--
-- Servidor: 127.0.0.1
-- Tiempo de generación: 07-08-2023 a las 01:55:01
-- Versión del servidor: 10.4.25-MariaDB
-- Versión de PHP: 8.1.10

SET SQL_MODE = "NO_AUTO_VALUE_ON_ZERO";
START TRANSACTION;
SET time_zone = "+00:00";


/*!40101 SET @OLD_CHARACTER_SET_CLIENT=@@CHARACTER_SET_CLIENT */;
/*!40101 SET @OLD_CHARACTER_SET_RESULTS=@@CHARACTER_SET_RESULTS */;
/*!40101 SET @OLD_COLLATION_CONNECTION=@@COLLATION_CONNECTION */;
/*!40101 SET NAMES utf8mb4 */;

--
-- Base de datos: `sistema`
--

-- --------------------------------------------------------

--
-- Estructura de tabla para la tabla `abonos`
--

CREATE TABLE `abonos` (
  `id` int(11) NOT NULL,
  `abono` decimal(15,0) NOT NULL,
  `fecha` timestamp NOT NULL DEFAULT current_timestamp() ON UPDATE current_timestamp(),
  `id_credito` int(11) NOT NULL
) ENGINE=InnoDB DEFAULT CHARSET=utf8mb4;

-- --------------------------------------------------------

--
-- Estructura de tabla para la tabla `apartados`
--

CREATE TABLE `apartados` (
  `id` int(11) NOT NULL,
  `productos` longtext NOT NULL,
  `fecha_apartado` timestamp NOT NULL DEFAULT current_timestamp() ON UPDATE current_timestamp(),
  `fecha_retiro` datetime NOT NULL,
  `abono` decimal(10,0) NOT NULL,
  `total` decimal(10,0) NOT NULL,
  `color` varchar(15) NOT NULL,
  `estado` int(11) NOT NULL,
  `ir_cliente` int(11) NOT NULL
) ENGINE=InnoDB DEFAULT CHARSET=utf8mb4;

-- --------------------------------------------------------

--
-- Estructura de tabla para la tabla `cajas`
--

CREATE TABLE `cajas` (
  `id` int(11) NOT NULL,
  `monto_inicial` decimal(15,0) NOT NULL,
  `fecha_apertura` date NOT NULL,
  `fecha_cierre` date NOT NULL,
  `monto_final` decimal(15,0) NOT NULL,
  `total_ventas` int(11) NOT NULL,
  `estado` int(11) NOT NULL DEFAULT 1,
  `id_usuario` int(11) NOT NULL
) ENGINE=InnoDB DEFAULT CHARSET=utf8mb4;

-- --------------------------------------------------------

--
-- Estructura de tabla para la tabla `categorias`
--

CREATE TABLE `categorias` (
  `id` int(11) NOT NULL,
  `categoria` varchar(100) NOT NULL,
  `fecha` timestamp NOT NULL DEFAULT current_timestamp() ON UPDATE current_timestamp(),
  `estado` int(11) NOT NULL DEFAULT 1
) ENGINE=InnoDB DEFAULT CHARSET=utf8mb4;

--
-- Volcado de datos para la tabla `categorias`
--

INSERT INTO `categorias` (`id`, `categoria`, `fecha`, `estado`) VALUES
(1, 'CASA HABITACIÓN', '2023-07-03 20:56:36', 1),
(2, 'LOCAL COMERCIAL', '2023-07-04 20:29:37', 1),
(6, 'aaa', '2023-07-17 17:14:44', 0),
(7, 'qq', '2023-07-17 19:28:48', 0),
(8, 'dd', '2023-07-17 20:07:36', 0),
(9, 'otros', '2023-07-20 14:35:28', 1),
(10, 'nn', '2023-08-01 19:19:10', 0),
(11, 'mm', '2023-08-01 19:19:13', 0),
(12, 'asddd', '2023-08-01 19:19:15', 0);

-- --------------------------------------------------------

--
-- Estructura de tabla para la tabla `clientes`
--

CREATE TABLE `clientes` (
  `id` int(11) NOT NULL,
  `identidad` varchar(50) NOT NULL,
  `num_identidad` varchar(15) NOT NULL,
  `nombre` varchar(255) NOT NULL,
  `telefono` varchar(15) NOT NULL,
  `direccion` varchar(255) NOT NULL,
  `fecha` timestamp NOT NULL DEFAULT current_timestamp() ON UPDATE current_timestamp(),
  `estado` int(11) NOT NULL DEFAULT 1
) ENGINE=InnoDB DEFAULT CHARSET=utf8mb4;

-- --------------------------------------------------------

--
-- Estructura de tabla para la tabla `compras`
--

CREATE TABLE `compras` (
  `id` int(11) NOT NULL,
  `productos` longtext NOT NULL,
  `total` decimal(10,0) NOT NULL,
  `fecha` date NOT NULL,
  `hora` time NOT NULL,
  `serie` varchar(20) NOT NULL DEFAULT '1',
  `estado` int(11) NOT NULL,
  `id_proveedor` int(11) NOT NULL,
  `id_usuario` int(11) NOT NULL
) ENGINE=InnoDB DEFAULT CHARSET=utf8mb4;

-- --------------------------------------------------------

--
-- Estructura de tabla para la tabla `configuracion`
--

CREATE TABLE `configuracion` (
  `id` int(11) NOT NULL,
  `ruc` varchar(15) NOT NULL,
  `nombre` varchar(255) NOT NULL,
  `telefono` varchar(50) NOT NULL,
  `correo` varchar(100) NOT NULL,
  `direccion` text NOT NULL,
  `mensaje` text NOT NULL,
  `impuesto` int(11) NOT NULL DEFAULT 0
) ENGINE=InnoDB DEFAULT CHARSET=utf8mb4;

--
-- Volcado de datos para la tabla `configuracion`
--

INSERT INTO `configuracion` (`id`, `ruc`, `nombre`, `telefono`, `correo`, `direccion`, `mensaje`, `impuesto`) VALUES
(3, '20607745332', 'qqq00', '12321334', 'sadasq@gmail.com', 'askdsakjdjsakdjsak', '<p>asdasd</p>', 18);

-- --------------------------------------------------------

--
-- Estructura de tabla para la tabla `cotizaciones`
--

CREATE TABLE `cotizaciones` (
  `id` int(11) NOT NULL,
  `productos` longtext NOT NULL,
  `total` decimal(10,0) NOT NULL,
  `fecha` date NOT NULL,
  `hora` time NOT NULL,
  `validez` int(11) NOT NULL,
  `id_cliente` int(11) NOT NULL
) ENGINE=InnoDB DEFAULT CHARSET=utf8mb4;

-- --------------------------------------------------------

--
-- Estructura de tabla para la tabla `creditos`
--

CREATE TABLE `creditos` (
  `id` int(11) NOT NULL,
  `monto` decimal(15,0) NOT NULL,
  `fecha` timestamp NOT NULL DEFAULT current_timestamp() ON UPDATE current_timestamp(),
  `estado` int(11) NOT NULL DEFAULT 1,
  `id_venta` int(11) NOT NULL
) ENGINE=InnoDB DEFAULT CHARSET=utf8mb4;

-- --------------------------------------------------------

--
-- Estructura de tabla para la tabla `gastos`
--

CREATE TABLE `gastos` (
  `id` int(11) NOT NULL,
  `monto` decimal(10,0) NOT NULL,
  `descripcion` varchar(255) NOT NULL,
  `fecha` timestamp NOT NULL DEFAULT current_timestamp() ON UPDATE current_timestamp(),
  `id_usuario` int(11) NOT NULL
) ENGINE=InnoDB DEFAULT CHARSET=utf8mb4;

-- --------------------------------------------------------

--
-- Estructura de tabla para la tabla `inventario`
--

CREATE TABLE `inventario` (
  `id` int(11) NOT NULL,
  `entradas` int(11) NOT NULL DEFAULT 0,
  `salidas` int(11) NOT NULL DEFAULT 0,
  `fecha` date NOT NULL,
  `id_producto` int(11) NOT NULL,
  `id_usuario` int(11) NOT NULL
) ENGINE=InnoDB DEFAULT CHARSET=utf8mb4;

-- --------------------------------------------------------

--
-- Estructura de tabla para la tabla `medidas`
--

CREATE TABLE `medidas` (
  `id` int(11) NOT NULL,
  `medida` varchar(100) NOT NULL,
  `nombre_corto` varchar(1000) NOT NULL,
  `fecha` timestamp NOT NULL DEFAULT current_timestamp() ON UPDATE current_timestamp(),
  `estado` int(11) NOT NULL DEFAULT 1
) ENGINE=InnoDB DEFAULT CHARSET=utf8mb4;

--
-- Volcado de datos para la tabla `medidas`
--

INSERT INTO `medidas` (`id`, `medida`, `nombre_corto`, `fecha`, `estado`) VALUES
(1, 'kilos', 'kg', '2023-07-13 18:05:20', 1),
(2, 'litros nn', 'lt', '2023-07-17 15:00:45', 1),
(3, 'metro', 'm', '2023-07-17 15:32:28', 1),
(4, '07025089', 'ADRIAN CAÑAS 166', '2023-07-18 15:41:04', 1),
(5, '-', '-', '2023-08-06 21:33:47', 0),
(6, 'asdfasdf', 'we', '2023-08-06 22:56:12', 1);

-- --------------------------------------------------------

--
-- Estructura de tabla para la tabla `predios`
--

CREATE TABLE `predios` (
  `id` int(11) NOT NULL,
  `codigo` varchar(50) NOT NULL,
  `nombre_predio` text NOT NULL,
  `latlong` longtext NOT NULL,
  `valor` longtext NOT NULL,
  `departamento` varchar(50) NOT NULL,
  `foto` varchar(100) DEFAULT NULL,
  `estado` int(11) NOT NULL DEFAULT 1,
  `fecha` timestamp NOT NULL DEFAULT current_timestamp() ON UPDATE current_timestamp(),
  `id_categoria` int(11) NOT NULL
) ENGINE=InnoDB DEFAULT CHARSET=utf8mb4;

--
-- Volcado de datos para la tabla `predios`
--

INSERT INTO `predios` (`id`, `codigo`, `nombre_predio`, `latlong`, `valor`, `departamento`, `foto`, `estado`, `fecha`, `id_categoria`) VALUES
(1, '0001', 'ADRIAN CAÑAS 166', '-12.041907036533287, -77.02957177196305', '15448.3', 'LIMA', '', 1, '2023-08-06 22:25:48', 1),
(2, '0002', 'ADRIAN CAÑAS 172', '-12.041907036533287, -77.02957177196305', '15472.04', 'LIMA', '', 1, '2023-08-06 22:25:48', 1),
(3, '0003', 'ADRIAN CAÑAS 198', '-12.041980485778197, -77.02960395847002', '16711.63', 'LIMA', '', 1, '2023-08-06 22:25:48', 1),
(4, '0004', 'AMAZONAS 434-A', '-12.04457138922722, -77.02172611281931', '1920.46', 'LIMA', '', 1, '2023-08-06 22:25:48', 1),
(5, '0005', 'AMAZONAS 434-B', '-12.04457138922722, -77.02172611281931', '18381.58', 'LIMA', '', 1, '2023-08-06 22:25:48', 1),
(6, '0006', 'AMAZONAS 434-C3', '-12.04457138922722, -77.02172611281931', '16894.34', 'LIMA', '', 1, '2023-08-06 22:25:48', 1),
(7, '0007', 'AMAZONAS 434-D', '-12.04457138922722, -77.02172611281931', '12894.54', 'LIMA', '', 1, '2023-08-06 22:25:48', 1),
(8, '0008', 'AMAZONAS 434-E', '-12.04457138922722, -77.02172611281931', '5212.69', 'LIMA', '', 1, '2023-08-06 22:25:48', 1),
(9, '0009', 'AMAZONAS 434-F', '-12.04457138922722, -77.02172611281931', '4115.28', 'LIMA', '', 1, '2023-08-06 22:25:48', 1),
(10, '0010', 'AMAZONAS 434-G', '-12.04457138922722, -77.02172611281931', '4571.56', 'LIMA', '', 1, '2023-08-06 22:25:48', 1),
(11, '0011', 'AMAZONAS 434-H', '-12.04457138922722, -77.02172611281931', '4389.63', 'LIMA', '', 1, '2023-08-06 22:25:48', 1),
(12, '0012', 'AMAZONAS 434-I', '-12.04457138922722, -77.02172611281931', '8779.26', 'LIMA', '', 1, '2023-08-06 22:25:48', 1),
(13, '0013', 'AMAZONAS 434-J', '-12.04457138922722, -77.02172611281931', '5761.39', 'LIMA', '', 1, '2023-08-06 22:25:48', 1),
(14, '0014', 'AMAZONAS 434-M', '-12.04457138922722, -77.02172611281931', '3047.04', 'LIMA', '', 1, '2023-08-06 22:25:48', 1),
(15, '0015', 'AMAZONAS 434-O', '-12.04457138922722, -77.02172611281931', '19204.64', 'LIMA', '', 1, '2023-08-06 22:25:48', 1),
(16, '0016', 'AMAZONAS 444', '-12.044477623825198, -77.021578181757', '42395.88', 'LIMA', '', 1, '2023-08-06 22:25:48', 1),
(17, '0017', 'AMAZONAS 446', '-12.044497216481336, -77.02145987990738', '42057.54', 'LIMA', '', 1, '2023-08-06 22:25:48', 1),
(18, '0018', 'AMAZONAS 448', '-12.0445320944299, -77.02177828915524', '21033.22', 'LIMA', '', 1, '2023-08-06 22:25:48', 1),
(19, '0019', 'AMAZONAS 450-01', '-12.04446405324529, -77.02141839709957', '9689.58', 'LIMA', '', 1, '2023-08-06 22:25:48', 1),
(20, '0020', 'AMAZONAS 450-02', '-12.04446405324529, -77.02141839709957', '10531.38', 'LIMA', '', 1, '2023-08-06 22:25:48', 1),
(21, '0021', 'AMAZONAS 450-03', '-12.04446405324529, -77.02141839709957', '9141.12', 'LIMA', '', 1, '2023-08-06 22:25:48', 1),
(22, '0022', 'AMAZONAS 450-04', '-12.04446405324529, -77.02141839709957', '7800.42', 'LIMA', '', 1, '2023-08-06 22:25:48', 1),
(23, '0023', 'AMAZONAS 450-05', '-12.04446405324529, -77.02141839709957', '7800.42', 'LIMA', '', 1, '2023-08-06 22:25:48', 1),
(24, '0024', 'AMAZONAS 450-06', '-12.04446405324529, -77.02141839709957', '7800.42', 'LIMA', '', 1, '2023-08-06 22:25:48', 1),
(25, '0025', 'AMAZONAS 450-07', '-12.04446405324529, -77.02141839709957', '7800.42', 'LIMA', '', 1, '2023-08-06 22:25:48', 1),
(26, '0026', 'AMAZONAS 450-08', '-12.04446405324529, -77.02141839709957', '7800.42', 'LIMA', '', 1, '2023-08-06 22:25:48', 1),
(27, '0027', 'AMAZONAS 450-09', '-12.04446405324529, -77.02141839709957', '7800.42', 'LIMA', '', 1, '2023-08-06 22:25:48', 1),
(28, '0028', 'AMAZONAS 450-10', '-12.04446405324529, -77.02141839709957', '7800.42', 'LIMA', '', 1, '2023-08-06 22:25:48', 1),
(29, '0029', 'AMAZONAS 450-11', '-12.04446405324529, -77.02141839709957', '7800.42', 'LIMA', '', 1, '2023-08-06 22:25:48', 1),
(30, '0030', 'AMAZONAS 450-12', '-12.04446405324529, -77.02141839709957', '8318.15', 'LIMA', '', 1, '2023-08-06 22:25:48', 1),
(31, '0031', 'AMAZONAS 450-13', '-12.04446405324529, -77.02141839709957', '5362.79', 'LIMA', '', 1, '2023-08-06 22:25:48', 1),
(32, '0032', 'AMAZONAS 450-14', '-12.04446405324529, -77.02141839709957', '7092.05', 'LIMA', '', 1, '2023-08-06 22:25:48', 1),
(33, '0033', 'AMAZONAS 450-15', '-12.04446405324529, -77.02141839709957', '7160.28', 'LIMA', '', 1, '2023-08-06 22:25:48', 1),
(34, '0034', 'AMAZONAS 450-16', '-12.04446405324529, -77.02141839709957', '7160.28', 'LIMA', '', 1, '2023-08-06 22:25:48', 1),
(35, '0035', 'AMAZONAS 452', '-12.044430582647351, -77.02148585662046', '23248.2', 'LIMA', '', 1, '2023-08-06 22:25:48', 1),
(36, '0036', 'AMAZONAS 458', '-12.044551001798725, -77.02134057011355', '8179.42', 'LIMA', '', 1, '2023-08-06 22:25:48', 1),
(37, '0037', 'AMAZONAS 460', '-12.044594287104077, -77.0214392142917', '8292.2', 'LIMA', '', 1, '2023-08-06 22:25:48', 1),
(38, '0038', 'AMAZONAS 462-01', '-12.044721187168497, -77.02196075792392', '9049.44', 'LIMA', '', 1, '2023-08-06 22:25:48', 1),
(39, '0039', 'AMAZONAS 462-02', '-12.044721187168497, -77.02196075792392', '9049.44', 'LIMA', '', 1, '2023-08-06 22:25:48', 1),
(40, '0040', 'AMAZONAS 462-03', '-12.044721187168497, -77.02196075792392', '9049.44', 'LIMA', '', 1, '2023-08-06 22:25:48', 1),
(41, '0041', 'AMAZONAS 462-04', '-12.044721187168497, -77.02196075792392', '9049.44', 'LIMA', '', 1, '2023-08-06 22:25:48', 1),
(42, '0042', 'AMAZONAS 462-05', '-12.044721187168497, -77.02196075792392', '9049.44', 'LIMA', '', 1, '2023-08-06 22:25:48', 1),
(43, '0043', 'AMAZONAS 462-06', '-12.044721187168497, -77.02196075792392', '9049.44', 'LIMA', '', 1, '2023-08-06 22:25:48', 1),
(44, '0044', 'AMAZONAS 462-07', '-12.044689709244388, -77.02204658860916', '9049.44', 'LIMA', '', 1, '2023-08-06 22:25:48', 1),
(45, '0045', 'AMAZONAS 462-08', '-12.044689709244388, -77.02204658860916', '9049.44', 'LIMA', '', 1, '2023-08-06 22:25:48', 1),
(46, '0046', 'AMAZONAS 462-09', '-12.044658231316587, -77.02200367326654', '9437.79', 'LIMA', '', 1, '2023-08-06 22:25:48', 1),
(47, '0047', 'AMAZONAS 462-10', '-12.044616260740446, -77.02195002908829', '9049.44', 'LIMA', '', 1, '2023-08-06 22:25:48', 1),
(48, '0048', 'AMAZONAS 462-11', '-12.044658231316587, -77.02210023278741', '9049.44', 'LIMA', '', 1, '2023-08-06 22:25:48', 1),
(49, '0049', 'AMAZONAS 462-12', '-12.044689709244388, -77.02198221559524', '9049.44', 'LIMA', '', 1, '2023-08-06 22:25:48', 1),
(50, '0050', 'AMAZONAS 462-13', '-12.044730797881124, -77.02196284185827', '9049.44', 'LIMA', '', 1, '2023-08-06 22:25:48', 1),
(51, '0051', 'AMAZONAS 462-14', '-12.044707137825037, -77.02203302088355', '9500.3', 'LIMA', '', 1, '2023-08-06 22:25:48', 1),
(52, '0052', 'AMAZONAS 462-15', '-12.044707137825037, -77.02203302088355', '6803.54', 'LIMA', '', 1, '2023-08-06 22:25:48', 1),
(53, '0053', 'AMAZONAS 462-16', '-12.044749764176952, -77.02196395400404', '6956.15', 'LIMA', '', 1, '2023-08-06 22:25:48', 1),
(54, '0054', 'AMAZONAS 462-17', '-12.044796981051173, -77.02204240861475', '6956.15', 'LIMA', '', 1, '2023-08-06 22:25:48', 1),
(55, '0055', 'AMAZONAS 462-18', '-12.044796981051173, -77.02204240861475', '6956.15', 'LIMA', '', 1, '2023-08-06 22:25:48', 1),
(56, '0056', 'AMAZONAS 462-19', '-12.044804194739564, -77.02197334173525', '9049.97', 'LIMA', '', 1, '2023-08-06 22:25:48', 1),
(57, '0057', 'AMAZONAS 462-20', '-12.044804194739564, -77.02197334173525', '9049.97', 'LIMA', '', 1, '2023-08-06 22:25:48', 1),
(58, '0058', 'AMAZONAS 462-21', '-12.044847869019629, -77.02198730828448', '9049.97', 'LIMA', '', 1, '2023-08-06 22:25:48', 1),
(59, '0059', 'AMAZONAS 462-22', '-12.045025007468794, -77.02200342945343', '9049.97', 'LIMA', '', 1, '2023-08-06 22:25:48', 1),
(60, '0060', 'AMAZONAS 462-23', '-12.044863635271314, -77.02207929378147', '9049.97', 'LIMA', '', 1, '2023-08-06 22:25:48', 1),
(61, '0061', 'AMAZONAS 462-24', '-12.044863635271314, -77.02207929378147', '9049.97', 'LIMA', '', 1, '2023-08-06 22:25:48', 1),
(62, '0062', 'AMAZONAS 462-25', '-12.044863635271314, -77.02207929378147', '9049.97', 'LIMA', '', 1, '2023-08-06 22:25:48', 1),
(63, '0063', 'AMAZONAS 462-26', '-12.044863635271314, -77.02207929378147', '9049.97', 'LIMA', '', 1, '2023-08-06 22:25:48', 1),
(64, '0064', 'AMAZONAS 464,466', '-12.0446779551648, -77.02199546995877', '47721.14', 'LIMA', '', 1, '2023-08-06 22:25:48', 1),
(65, '0065', 'AMAZONAS 502 AL 510', '-12.044809814991154, -77.02096509975688', '182115.56', 'LIMA', '', 1, '2023-08-06 22:25:48', 9),
(66, '0066', 'ANCASH 1475', '-12.045198407381342, -77.01343515551', '19342.79', 'LIMA', '', 1, '2023-08-06 22:25:48', 1),
(67, '0067', 'ANCASH 1483', '-12.045175233622283, -77.01340819510384', '23753.81', 'LIMA', '', 1, '2023-08-06 22:25:48', 1),
(68, '0068', 'ANCASH 1487-01', '-12.045082767366049, -77.01335320982112', '8827.74', 'LIMA', '', 1, '2023-08-06 22:25:48', 1),
(69, '0069', 'ANCASH 1487-02', '-12.045144411540416, -77.01333979877654', '11971.25', 'LIMA', '', 1, '2023-08-06 22:25:48', 1),
(70, '0070', 'ANCASH 1487-03', '-12.045032271592271, -77.0133632681065', '11971.25', 'LIMA', '', 1, '2023-08-06 22:25:48', 1),
(71, '0071', 'ANCASH 1487-04', '-12.045032271592271, -77.0133632681065', '11971.25', 'LIMA', '', 1, '2023-08-06 22:25:48', 1),
(72, '0072', 'ANCASH 1487-05', '-12.045002761072713, -77.01338137301668', '11971.25', 'LIMA', '', 1, '2023-08-06 22:25:48', 1),
(73, '0073', 'ANCASH 1487-06', '-12.045002761072713, -77.01338137301668', '11971.25', 'LIMA', '', 1, '2023-08-06 22:25:48', 1),
(74, '0074', 'ANCASH 1487-07', '-12.045004728440789, -77.01336393865874', '11971.25', 'LIMA', '', 1, '2023-08-06 22:25:48', 1),
(75, '0075', 'ANCASH 1487-09', '-12.045004728440789, -77.01336393865874', '11971.25', 'LIMA', '', 1, '2023-08-06 22:25:48', 1),
(76, '0076', 'ANCASH 1487-10', '-12.045144411540416, -77.01333979877654', '11971.25', 'LIMA', '', 1, '2023-08-06 22:25:48', 1),
(77, '0077', 'ANCASH 1487-11', '-12.045144411540416, -77.01333979877654', '11971.25', 'LIMA', '', 1, '2023-08-06 22:25:48', 1),
(78, '0078', 'ANCASH 1487-12', '-12.045144411540416, -77.01333979877654', '11971.25', 'LIMA', '', 1, '2023-08-06 22:25:48', 1),
(79, '0079', 'ANCASH 1487-13', '-12.044964725287162, -77.01338874909119', '11971.25', 'LIMA', '', 1, '2023-08-06 22:25:48', 1),
(80, '0080', 'ANCASH 1487-14', '-12.044964725287162, -77.01338874909119', '11971.25', 'LIMA', '', 1, '2023-08-06 22:25:48', 1),
(81, '0081', 'ANCASH 1487-15', '-12.044964725287162, -77.01338874909119', '11971.25', 'LIMA', '', 1, '2023-08-06 22:25:48', 1),
(82, '0082', 'ANCASH 1487-16', '-12.04498046423357, -77.01341557118032', '11971.25', 'LIMA', '', 1, '2023-08-06 22:25:48', 1),
(83, '0083', 'ANCASH 1487-17', '-12.04498046423357, -77.01341557118032', '11971.25', 'LIMA', '', 1, '2023-08-06 22:25:48', 1),
(84, '0084', 'ANCASH 1487-18,19', '-12.044907015809153, -77.01341221841918', '23942.5', 'LIMA', '', 1, '2023-08-06 22:25:48', 1),
(85, '0085', 'ANCASH 1487-20', '-12.044907015809153, -77.01341221841918', '11971.25', 'LIMA', '', 1, '2023-08-06 22:25:48', 1),
(86, '0086', 'ANCASH 1487-21', '-12.044907015809153, -77.01341221841918', '11971.25', 'LIMA', '', 1, '2023-08-06 22:25:48', 1),
(87, '0087', 'ANCASH 616', '-12.046994881055449, -77.02476500520565', '29691.48', 'LIMA', '', 1, '2023-08-06 22:25:48', 2),
(88, '0088', 'ANCASH 620', '-12.047017833511756, -77.02471605489298', '78552.59', 'LIMA', '', 1, '2023-08-06 22:25:48', 2),
(89, '0089', 'ANCASH 624- 01', '-12.04702111243392, -77.02467045734144', '3135.78', 'LIMA', '', 1, '2023-08-06 22:25:48', 1),
(90, '0090', 'ANCASH 624-06', '-12.04702111243392, -77.02467045734144', '17182.5', 'LIMA', '', 1, '2023-08-06 22:25:48', 1),
(91, '0091', 'ANCASH 624-02', '-12.047053901653426, -77.02463894138671', '17182.5', 'LIMA', '', 1, '2023-08-06 22:25:48', 1),
(92, '0092', 'ANCASH 624-03', '-12.047053901653426, -77.02463894138671', '17182.5', 'LIMA', '', 1, '2023-08-06 22:25:48', 1),
(93, '0093', 'ANCASH 624-04', '-12.047154892424288, -77.02464095304339', '19782.74', 'LIMA', '', 1, '2023-08-06 22:25:48', 1),
(94, '0094', 'ANCASH 624-05', '-12.047154892424288, -77.02464095304339', '17182.5', 'LIMA', '', 1, '2023-08-06 22:25:48', 1),
(95, '0095', 'ANDAHUAYLAS 1005-01', '-12.053969887701689, -77.02661726698348', '6447.02', 'LIMA', '', 1, '2023-08-06 22:25:48', 2),
(96, '0096', 'ANDAHUAYLAS 1005-02', '-12.053969887701689, -77.02661726698348', '6447.02', 'LIMA', '', 1, '2023-08-06 22:25:48', 2),
(97, '0097', 'ANDAHUAYLAS 1005-03', '-12.053981943839325, -77.02660683563887', '6447.02', 'LIMA', '', 1, '2023-08-06 22:25:48', 2),
(98, '0098', 'ANDAHUAYLAS 1005-04', '-12.053981943839325, -77.02660683563887', '6447.02', 'LIMA', '', 1, '2023-08-06 22:25:48', 2),
(99, '0099', 'ANDAHUAYLAS 1005-05', '-12.053983798629684, -77.02655183400366', '6447.02', 'LIMA', '', 1, '2023-08-06 22:25:48', 2),
(100, '0100', 'ANDAHUAYLAS 1005-08', '-12.053983798629684, -77.02655183400366', '6447.02', 'LIMA', '', 1, '2023-08-06 22:25:48', 2),
(101, '0101', 'ANDAHUAYLAS 1005-09', '-12.053978234258569, -77.02651200523331', '11289.84', 'LIMA', '', 1, '2023-08-06 22:25:48', 2),
(102, '0102', 'ANDAHUAYLAS 1005-11', '', '11289.84', '', '', 1, '2023-08-06 22:25:48', 9),
(103, '0103', 'ANDAHUAYLAS 1009', '-12.053971637222125, -77.02670440855343', '121038.63', 'LIMA', '', 1, '2023-08-06 22:25:48', 2),
(104, '0104', 'ANDAHUAYLAS 1013', '-12.054009671731356, -77.02670507910565', '10152.12', 'LIMA', '', 1, '2023-08-06 22:25:48', 2),
(105, '0105', 'ANDAHUAYLAS 175', '-12.045416837020245, -77.02325516002816', '53854.03', 'LIMA', '', 1, '2023-08-06 22:25:48', 2),
(106, '0106', 'ANDAHUAYLAS 179', '-12.045468644294766, -77.0232725943861', '48846.83', 'LIMA', '', 1, '2023-08-06 22:25:48', 2),
(107, '0107', 'ANDAHUAYLAS 183-01', '-12.045625688035456, -77.02313223541543', '24152.12', 'LIMA', '', 1, '2023-08-06 22:25:48', 1),
(108, '0108', 'ANDAHUAYLAS 183-02', '-12.045625688035456, -77.02313223541543', '24152.12', 'LIMA', '', 1, '2023-08-06 22:25:48', 1),
(109, '0109', 'ANDAHUAYLAS 183-03', '-12.045625688035456, -77.02313223541543', '24152.12', 'LIMA', '', 1, '2023-08-06 22:25:48', 1),
(110, '0110', 'ANDAHUAYLAS 183-04', '-12.045625688035456, -77.02313223541543', '24152.12', 'LIMA', '', 1, '2023-08-06 22:25:48', 1),
(111, '0111', 'ANDAHUAYLAS 183-05', '-12.045625688035456, -77.02313223541543', '24152.12', 'LIMA', '', 1, '2023-08-06 22:25:48', 1),
(112, '0112', 'ANDAHUAYLAS 183-06', '-12.045676839481953, -77.02311211884857', '24152.12', 'LIMA', '', 1, '2023-08-06 22:25:48', 1),
(113, '0113', 'ANDAHUAYLAS 183-07', '-12.045676839481953, -77.02311211884857', '24152.12', 'LIMA', '', 1, '2023-08-06 22:25:48', 1),
(114, '0114', 'ANDAHUAYLAS 183-08', '-12.045676839481953, -77.02311211884857', '23981.41', 'LIMA', '', 1, '2023-08-06 22:25:48', 1),
(115, '0115', 'ANDAHUAYLAS 183-09', '-12.045676839481953, -77.02311211884857', '23981.41', 'LIMA', '', 1, '2023-08-06 22:25:48', 1),
(116, '0116', 'ANDAHUAYLAS 183-10', '-12.045606014399587, -77.023037016999', '25866.63', 'LIMA', '', 1, '2023-08-06 22:25:48', 1),
(117, '0117', 'ANDAHUAYLAS 183-11', '-12.045606014399587, -77.023037016999', '25866.63', 'LIMA', '', 1, '2023-08-06 22:25:48', 1),
(118, '0118', 'ANDAHUAYLAS 183-12', '-12.045606014399587, -77.023037016999', '25866.63', 'LIMA', '', 1, '2023-08-06 22:25:48', 1),
(119, '0119', 'ANDAHUAYLAS 183-13', '-12.045606014399587, -77.023037016999', '25866.63', 'LIMA', '', 1, '2023-08-06 22:25:48', 1),
(120, '0120', 'ANDAHUAYLAS 183-14', '-12.045693889961965, -77.02301958264106', '25866.63', 'LIMA', '', 1, '2023-08-06 22:25:48', 1),
(121, '0121', 'ANDAHUAYLAS 183-15', '-12.045693889961965, -77.02301958264106', '25866.63', 'LIMA', '', 1, '2023-08-06 22:25:48', 1),
(122, '0122', 'ANDAHUAYLAS 183-16', '-12.045693889961965, -77.02301958264106', '25866.63', 'LIMA', '', 1, '2023-08-06 22:25:48', 1),
(123, '0123', 'ANDAHUAYLAS 183-16-A', '-12.045693889961965, -77.02301958264106', '25866.63', 'LIMA', '', 1, '2023-08-06 22:25:48', 1),
(124, '0124', 'ANDAHUAYLAS 183-17', '-12.045615195429834, -77.02296996177618', '25866.63', 'LIMA', '', 1, '2023-08-06 22:25:48', 1),
(125, '0125', 'ANDAHUAYLAS 183-18', '-12.045615195429834, -77.02296996177618', '25866.63', 'LIMA', '', 1, '2023-08-06 22:25:48', 1),
(126, '0126', 'ANDAHUAYLAS 183-19', '-12.045615195429834, -77.02296996177618', '25866.63', 'LIMA', '', 1, '2023-08-06 22:25:48', 1),
(127, '0127', 'ANDAHUAYLAS 183-20', '-12.045615195429834, -77.02296996177618', '25866.63', 'LIMA', '', 1, '2023-08-06 22:25:48', 1),
(128, '0128', 'ANDAHUAYLAS 183-21', '-12.045726679343538, -77.02290558876226', '25866.63', 'LIMA', '', 1, '2023-08-06 22:25:48', 1),
(129, '0129', 'ANDAHUAYLAS 183-22', '-12.045726679343538, -77.02290558876226', '23981.41', 'LIMA', '', 1, '2023-08-06 22:25:48', 1),
(130, '0130', 'ANDAHUAYLAS 183-23', '-12.045726679343538, -77.02290558876226', '23981.41', 'LIMA', '', 1, '2023-08-06 22:25:48', 1),
(131, '0131', 'ANDAHUAYLAS 183-24', '-12.045726679343538, -77.02290558876226', '23981.41', 'LIMA', '', 1, '2023-08-06 22:25:48', 1),
(132, '0132', 'ANDAHUAYLAS 183-25', '-12.045620441732696, -77.02290827097117', '23981.41', 'LIMA', '', 1, '2023-08-06 22:25:48', 1),
(133, '0133', 'ANDAHUAYLAS 183-26', '-12.045620441732696, -77.02290827097117', '23981.41', 'LIMA', '', 1, '2023-08-06 22:25:48', 1),
(134, '0134', 'ANDAHUAYLAS 183-27', '-12.045620441732696, -77.02290827097117', '23981.41', 'LIMA', '', 1, '2023-08-06 22:25:48', 1),
(135, '0135', 'ANDAHUAYLAS 183-28', '-12.045620441732696, -77.02290827097117', '23981.41', 'LIMA', '', 1, '2023-08-06 22:25:48', 1),
(136, '0136', 'ANDAHUAYLAS 183-29', '-12.045746352970566, -77.02289083661324', '23981.41', 'LIMA', '', 1, '2023-08-06 22:25:48', 1),
(137, '0137', 'ANDAHUAYLAS 183-30', '-12.045746352970566, -77.02289083661324', '23981.41', 'LIMA', '', 1, '2023-08-06 22:25:48', 1),
(138, '0138', 'ANDAHUAYLAS 183-31', '-12.045746352970566, -77.02289083661324', '23981.41', 'LIMA', '', 1, '2023-08-06 22:25:48', 1),
(139, '0139', 'ANDAHUAYLAS 183-32', '-12.045746352970566, -77.02289083661324', '23981.41', 'LIMA', '', 1, '2023-08-06 22:25:48', 1),
(140, '0140', 'ANDAHUAYLAS 183-33', '-12.045662412151884, -77.02296459735835', '23981.41', 'LIMA', '', 1, '2023-08-06 22:25:48', 1),
(141, '0141', 'ANDAHUAYLAS 183-34', '-12.045662412151884, -77.02296459735835', '23981.41', 'LIMA', '', 1, '2023-08-06 22:25:48', 1),
(142, '0142', 'ANDAHUAYLAS 183-35', '-12.045662412151884, -77.02296459735835', '23981.41', 'LIMA', '', 1, '2023-08-06 22:25:48', 1),
(143, '0143', 'ANDAHUAYLAS 183-36', '-12.045662412151884, -77.02296459735835', '23981.41', 'LIMA', '', 1, '2023-08-06 22:25:48', 1),
(144, '0144', 'ANDAHUAYLAS 183-37', '-12.04567552790653, -77.02289888323998', '23981.41', 'LIMA', '', 1, '2023-08-06 22:25:48', 1),
(145, '0145', 'ANDAHUAYLAS 183-38', '-12.04567552790653, -77.02289888323998', '23981.41', 'LIMA', '', 1, '2023-08-06 22:25:48', 1),
(146, '0146', 'ANDAHUAYLAS 183-39', '-12.04567552790653, -77.02289888323998', '23981.41', 'LIMA', '', 1, '2023-08-06 22:25:48', 1),
(147, '0147', 'ANDAHUAYLAS 183-40', '-12.04567552790653, -77.02289888323998', '23981.41', 'LIMA', '', 1, '2023-08-06 22:25:48', 1),
(148, '0148', 'ANDAHUAYLAS 183-41', '-12.045623064884088, -77.02305579246139', '23981.41', 'LIMA', '', 1, '2023-08-06 22:25:48', 1),
(149, '0149', 'ANDAHUAYLAS 183-42 ', '-12.045623064884088, -77.02305579246139', '23981.41', 'LIMA', '', 1, '2023-08-06 22:25:48', 1),
(150, '0150', 'ANDAHUAYLAS 199', '-12.045722279807155, -77.02333157827483', '54517.76', 'LIMA', '', 1, '2023-08-06 22:25:48', 1),
(151, '0151', 'ANDAHUAYLAS 187 Y 191', '-12.04563683642849, -77.02332669556166', '98802.85', 'LIMA', '', 1, '2023-08-06 22:25:48', 2),
(152, '0152', 'ANDAHUAYLAS 203', '-12.04574569718304, -77.02334949433742', '29554.7', 'LIMA', '', 1, '2023-08-06 22:25:48', 2),
(153, '0153', 'ANDAHUAYLAS 207-01', '-12.045951394427668, -77.02326130984014', '22165.64', 'LIMA', '', 1, '2023-08-06 22:25:48', 1),
(154, '0154', 'ANDAHUAYLAS 207-02', '-12.045951394427668, -77.02326130984014', '11762.45', 'LIMA', '', 1, '2023-08-06 22:25:48', 1),
(155, '0155', 'ANDAHUAYLAS 207-03', '-12.045951394427668, -77.02326130984014', '22287.05', 'LIMA', '', 1, '2023-08-06 22:25:48', 1),
(156, '0156', 'ANDAHUAYLAS 207-04', '-12.045918007200132, -77.02312475405614', '22165.64', 'LIMA', '', 1, '2023-08-06 22:25:48', 1),
(157, '0157', 'ANDAHUAYLAS 207-05', '-12.045918007200132, -77.02312475405614', '22165.64', 'LIMA', '', 1, '2023-08-06 22:25:48', 1),
(158, '0158', 'ANDAHUAYLAS 207-06', '-12.04599776557016, -77.02316647943458', '22165.64', 'LIMA', '', 1, '2023-08-06 22:25:48', 1),
(159, '0159', 'ANDAHUAYLAS 207-07', '-12.04599776557016, -77.02316647943458', '21980.36', 'LIMA', '', 1, '2023-08-06 22:25:48', 1),
(160, '0160', 'ANDAHUAYLAS 207-08', '-12.045918007200132, -77.02307544224526', '21985.64', 'LIMA', '', 1, '2023-08-06 22:25:48', 1),
(161, '0161', 'ANDAHUAYLAS 207-09', '-12.045918007200132, -77.02307544224526', '22165.64', 'LIMA', '', 1, '2023-08-06 22:25:48', 1),
(162, '0162', 'ANDAHUAYLAS 207-10', '-12.046014459179494, -77.02309820154258', '22165.64', 'LIMA', '', 1, '2023-08-06 22:25:48', 1),
(163, '0163', 'ANDAHUAYLAS 207-11', '-12.046014459179494, -77.02309820154258', '22165.64', 'LIMA', '', 1, '2023-08-06 22:25:48', 1),
(164, '0164', 'ANDAHUAYLAS 207-12', '-12.045934700814415, -77.02302992365058', '22165.64', 'LIMA', '', 1, '2023-08-06 22:25:48', 1),
(165, '0165', 'ANDAHUAYLAS 207-13', '-12.045934700814415, -77.02302992365058', '22165.64', 'LIMA', '', 1, '2023-08-06 22:25:48', 1),
(166, '0166', 'ANDAHUAYLAS 207-14', '-12.04602187856109, -77.02303561347492', '22165.64', 'LIMA', '', 1, '2023-08-06 22:25:48', 1),
(167, '0167', 'ANDAHUAYLAS 207-15', '-12.04602187856109, -77.02303561347492', '22165.64', 'LIMA', '', 1, '2023-08-06 22:25:48', 1),
(168, '0168', 'ANDAHUAYLAS 207-16', '-12.045982926805431, -77.02300526774513', '22165.64', 'LIMA', '', 1, '2023-08-06 22:25:48', 1),
(169, '0169', 'ANDAHUAYLAS 211 Y 215', '-12.045834047130546, -77.02334676886697', '52214.65', 'LIMA', '', 1, '2023-08-06 22:25:48', 2),
(170, '0170', 'ANDAHUAYLAS 219', '-12.045900937429801, -77.02336420322492', '24606.62', 'LIMA', '', 1, '2023-08-06 22:25:48', 2),
(171, '0171', 'ANDAHUAYLAS 223', '-12.045993503009733, -77.02326034062887', '28349.84', 'LIMA', '', 1, '2023-08-06 22:25:48', 1),
(172, '0172', 'ANDAHUAYLAS 223-01', '-12.045993503009733, -77.02326034062887', '28679.75', 'LIMA', '', 1, '2023-08-06 22:25:48', 1),
(173, '0173', 'ANDAHUAYLAS 223-02', '-12.045900381248124, -77.02317585104811', '28679.75', 'LIMA', '', 1, '2023-08-06 22:25:48', 1),
(174, '0174', 'ANDAHUAYLAS 223-03', '-12.045900381248124, -77.02317585104811', '28679.75', 'LIMA', '', 1, '2023-08-06 22:25:48', 1),
(175, '0175', 'ANDAHUAYLAS 223-04', '-12.045912185416435, -77.02312220686325', '28679.75', 'LIMA', '', 1, '2023-08-06 22:25:48', 1),
(176, '0176', 'ANDAHUAYLAS 223-05', '-12.045912185416435, -77.02312220686325', '28679.75', 'LIMA', '', 1, '2023-08-06 22:25:48', 1),
(177, '0177', 'ANDAHUAYLAS 223-06', '-12.04591743171348, -77.02308867925188', '28679.75', 'LIMA', '', 1, '2023-08-06 22:25:48', 1),
(178, '0178', 'ANDAHUAYLAS 223-08', '-12.04591743171348, -77.02308867925188', '19006.73', 'LIMA', '', 1, '2023-08-06 22:25:48', 1),
(179, '0179', 'ANDAHUAYLAS 223-09', '-12.045930547455672, -77.02303771728259', '18788.19', 'LIMA', '', 1, '2023-08-06 22:25:48', 1),
(180, '0180', 'ANDAHUAYLAS 223-10', '-12.045930547455672, -77.02303771728259', '19006.73', 'LIMA', '', 1, '2023-08-06 22:25:48', 1),
(181, '0181', 'ANDAHUAYLAS 223-11', '-12.045952844215927, -77.02298943752223', '19006.73', 'LIMA', '', 1, '2023-08-06 22:25:48', 1),
(182, '0182', 'ANDAHUAYLAS 223-12', '-12.045952844215927, -77.02298943752223', '19006.73', 'LIMA', '', 1, '2023-08-06 22:25:48', 1),
(183, '0183', 'ANDAHUAYLAS 223-13', '-12.04600661874775, -77.02299748414896', '19050.83', 'LIMA', '', 1, '2023-08-06 22:25:48', 1),
(184, '0184', 'ANDAHUAYLAS 223-14', '-12.04600661874775, -77.02299748414896', '19006.73', 'LIMA', '', 1, '2023-08-06 22:25:48', 1),
(185, '0185', 'ANDAHUAYLAS 223-15', '-12.046039408091145, -77.02303771728259', '19006.73', 'LIMA', '', 1, '2023-08-06 22:25:48', 1),
(186, '0186', 'ANDAHUAYLAS 223-16', '-12.046039408091145, -77.02303771728259', '19006.73', 'LIMA', '', 1, '2023-08-06 22:25:48', 1),
(187, '0187', 'ANDAHUAYLAS 223-17', '-12.04602629235427, -77.02307392710287', '19006.73', 'LIMA', '', 1, '2023-08-06 22:25:48', 1),
(188, '0188', 'ANDAHUAYLAS 223-18', '-12.04602629235427, -77.02307392710287', '26338.92', 'LIMA', '', 1, '2023-08-06 22:25:48', 1),
(189, '0189', 'ANDAHUAYLAS 223-19', '-12.046024980780553, -77.02308599704297', '26035.92', 'LIMA', '', 1, '2023-08-06 22:25:48', 1),
(190, '0190', 'ANDAHUAYLAS 223-20', '-12.046024980780553, -77.02308599704297', '26338.92', 'LIMA', '', 1, '2023-08-06 22:25:48', 1),
(191, '0191', 'ANDAHUAYLAS 223-21', '-12.046011865042967, -77.02313025348998', '26338.92', 'LIMA', '', 1, '2023-08-06 22:25:48', 1),
(192, '0192', 'ANDAHUAYLAS 223-22', '-12.046011865042967, -77.02313025348998', '20051.66', 'LIMA', '', 1, '2023-08-06 22:25:48', 1),
(193, '0193', 'ANDAHUAYLAS 223-23', '-12.046003995600111, -77.02318389766818', '20713.6', 'LIMA', '', 1, '2023-08-06 22:25:48', 1),
(194, '0194', 'ANDAHUAYLAS 223-24', '-12.046003995600111, -77.02318389766818', '20051.66', 'LIMA', '', 1, '2023-08-06 22:25:48', 1),
(195, '0195', 'ANDAHUAYLAS 223-25', '-12.045985633565886, -77.02324156515974', '20051.66', 'LIMA', '', 1, '2023-08-06 22:25:48', 1),
(196, '0196', 'ANDAHUAYLAS 223-26', '-12.045985633565886, -77.02324156515974', '20051.66', 'LIMA', '', 1, '2023-08-06 22:25:48', 1),
(197, '0197', 'ANDAHUAYLAS 223-27', '-12.045990879861508, -77.02320803754836', '19392.38', 'LIMA', '', 1, '2023-08-06 22:25:48', 1),
(198, '0198', 'ANDAHUAYLAS 223-28', '-12.045990879861508, -77.02320803754836', '19392.38', 'LIMA', '', 1, '2023-08-06 22:25:48', 1),
(199, '0199', 'ANDAHUAYLAS 223-29', '-12.045984321991963, -77.02323217742855', '19392.38', 'LIMA', '', 1, '2023-08-06 22:25:48', 1),
(200, '0200', 'ANDAHUAYLAS 223-30', '-12.045984321991963, -77.02323217742855', '19392.38', 'LIMA', '', 1, '2023-08-06 22:25:48', 1),
(201, '0201', 'ANDAHUAYLAS 223-31', '-12.045990879861508, -77.0232603406221', '19392.38', 'LIMA', '', 1, '2023-08-06 22:25:48', 1),
(202, '0202', 'ANDAHUAYLAS 223-32', '-12.045990879861508, -77.0232603406221', '19392.38', 'LIMA', '', 1, '2023-08-06 22:25:48', 1),
(203, '0203', 'ANDAHUAYLAS 223-33', '-12.04593317060404, -77.02322010748846', '19392.38', 'LIMA', '', 1, '2023-08-06 22:25:48', 1),
(204, '0204', 'ANDAHUAYLAS 223-34', '-12.04593317060404, -77.02322010748846', '19392.38', 'LIMA', '', 1, '2023-08-06 22:25:48', 1),
(205, '0205', 'ANDAHUAYLAS 223-35', '-12.045951532641853, -77.02318657987708', '19392.38', 'LIMA', '', 1, '2023-08-06 22:25:48', 1),
(206, '0206', 'ANDAHUAYLAS 223-36', '-12.045951532641853, -77.02318657987708', '19392.38', 'LIMA', '', 1, '2023-08-06 22:25:48', 1),
(207, '0207', 'ANDAHUAYLAS 223-37', '-12.04596858310441, -77.02311818354988', '19392.38', 'LIMA', '', 1, '2023-08-06 22:25:48', 1),
(208, '0208', 'ANDAHUAYLAS 223-38', '-12.04596858310441, -77.02311818354988', '19392.38', 'LIMA', '', 1, '2023-08-06 22:25:48', 1),
(209, '0209', 'ANDAHUAYLAS 223-39', '-12.045979075696215, -77.02308465593852', '19392.38', 'LIMA', '', 1, '2023-08-06 22:25:48', 1),
(210, '0210', 'ANDAHUAYLAS 223-40', '-12.045979075696215, -77.02308465593852', '19392.38', 'LIMA', '', 1, '2023-08-06 22:25:48', 1),
(211, '0211', 'ANDAHUAYLAS 223-41', '-12.045977764122267, -77.02303637617815', '19392.38', 'LIMA', '', 1, '2023-08-06 22:25:48', 1),
(212, '0212', 'ANDAHUAYLAS 223-42', '-12.045977764122267, -77.02303637617815', '19392.38', 'LIMA', '', 1, '2023-08-06 22:25:48', 1),
(213, '0213', 'ANDAHUAYLAS 223-43', '-12.046003995600111, -77.02300821298459', '19392.38', 'LIMA', '', 1, '2023-08-06 22:25:48', 1),
(214, '0214', 'ANDAHUAYLAS 223-44', '-12.046003995600111, -77.02300821298459', '19392.38', 'LIMA', '', 1, '2023-08-06 22:25:48', 1),
(215, '0215', 'ANDAHUAYLAS 223-45', '-12.045972341536093, -77.0229323149975', '18117.16', 'LIMA', '', 1, '2023-08-06 22:25:48', 1),
(216, '0216', 'ANDAHUAYLAS 223-46', '-12.045972341536093, -77.0229323149975', '18117.16', 'LIMA', '', 1, '2023-08-06 22:25:48', 1),
(217, '0217', 'ANDAHUAYLAS 223-47', '-12.0459854572756, -77.02284648431238', '18117.16', 'LIMA', '', 1, '2023-08-06 22:25:48', 1),
(218, '0218', 'ANDAHUAYLAS 223-48', '-12.0459854572756, -77.02284648431238', '18117.16', 'LIMA', '', 1, '2023-08-06 22:25:48', 1),
(219, '0219', 'ANDAHUAYLAS 223-49', '-12.046010377178915, -77.02275260700056', '18117.16', 'LIMA', '', 1, '2023-08-06 22:25:48', 1),
(220, '0220', 'ANDAHUAYLAS 223-50', '-12.046010377178915, -77.02275260700056', '18117.16', 'LIMA', '', 1, '2023-08-06 22:25:48', 1),
(221, '0221', 'ANDAHUAYLAS 223-51', '-12.046033985506218, -77.02264531864415', '18117.16', 'LIMA', '', 1, '2023-08-06 22:25:48', 1),
(222, '0222', 'ANDAHUAYLAS 223-52', '-12.046033985506218, -77.02264531864415', '18117.16', 'LIMA', '', 1, '2023-08-06 22:25:48', 1),
(223, '0223', 'ANDAHUAYLAS 223-53', '-12.04612054935528, -77.02265068306198', '18117.16', 'LIMA', '', 1, '2023-08-06 22:25:48', 1),
(224, '0224', 'ANDAHUAYLAS 223-54', '-12.04612054935528, -77.02265068306198', '18117.16', 'LIMA', '', 1, '2023-08-06 22:25:48', 1),
(225, '0225', 'ANDAHUAYLAS 223-55', '-12.046104810475716, -77.02270432724018', '18117.16', 'LIMA', '', 1, '2023-08-06 22:25:48', 1),
(226, '0226', 'ANDAHUAYLAS 223-56', '-12.046104810475716, -77.02270432724018', '18117.16', 'LIMA', '', 1, '2023-08-06 22:25:48', 1),
(227, '0227', 'ANDAHUAYLAS 223-57', '-12.046086448448373, -77.02274724258272', '18117.16', 'LIMA', '', 1, '2023-08-06 22:25:48', 1),
(228, '0228', 'ANDAHUAYLAS 223-58', '-12.046086448448373, -77.02274724258272', '18117.16', 'LIMA', '', 1, '2023-08-06 22:25:48', 1),
(229, '0229', 'ANDAHUAYLAS 223-59', '-12.046079890581169, -77.022798204552', '18117.16', 'LIMA', '', 1, '2023-08-06 22:25:48', 1),
(230, '0230', 'ANDAHUAYLAS 223-60', '-12.046079890581169, -77.022798204552', '18117.16', 'LIMA', '', 1, '2023-08-06 22:25:48', 1),
(231, '0231', 'ANDAHUAYLAS 223-61', '-12.046066774846265, -77.02284514320793', '18117.16', 'LIMA', '', 1, '2023-08-06 22:25:48', 1),
(232, '0232', 'ANDAHUAYLAS 223-62', '-12.046066774846265, -77.02284514320793', '18117.16', 'LIMA', '', 1, '2023-08-06 22:25:48', 1),
(233, '0233', 'ANDAHUAYLAS 223-63', '-12.046057593831462, -77.02292695057969', '18117.16', 'LIMA', '', 1, '2023-08-06 22:25:48', 1),
(234, '0234', 'ANDAHUAYLAS 223-65', '-12.046057593831462, -77.02292695057969', '', 'LIMA', '', 1, '2023-08-06 22:25:48', 1),
(235, '0235', 'ANDAHUAYLAS 227 Y 231', '-12.046028777429223, -77.02339190129828', '98060.79', 'LIMA', '', 1, '2023-08-06 22:25:48', 2),
(236, '0236', 'ANDAHUAYLAS 235-01', '-12.04612189914793, -77.02334093931718', '17714.97', 'LIMA', '', 1, '2023-08-06 22:25:48', 1),
(237, '0237', 'ANDAHUAYLAS 235-02', '-12.04612189914793, -77.02334093931718', '17714.97', 'LIMA', '', 1, '2023-08-06 22:25:48', 1),
(238, '0238', 'ANDAHUAYLAS 235-03', '-12.04612189914793, -77.02334093931718', '17713.92', 'LIMA', '', 1, '2023-08-06 22:25:48', 1),
(239, '0239', 'ANDAHUAYLAS 235-04', '-12.04612189914793, -77.02334093931718', '17714.97', 'LIMA', '', 1, '2023-08-06 22:25:48', 1),
(240, '0240', 'ANDAHUAYLAS 235-05', '-12.046132391734046, -77.02324303869109', '17714.97', 'LIMA', '', 1, '2023-08-06 22:25:48', 1),
(241, '0241', 'ANDAHUAYLAS 235-06', '-12.046132391734046, -77.02324303869109', '18653.51', 'LIMA', '', 1, '2023-08-06 22:25:48', 1),
(242, '0242', 'ANDAHUAYLAS 235-07', '-12.046132391734046, -77.02324303869109', '17714.97', 'LIMA', '', 1, '2023-08-06 22:25:48', 1),
(243, '0243', 'ANDAHUAYLAS 235-08', '-12.046132391734046, -77.02324303869109', '17714.97', 'LIMA', '', 1, '2023-08-06 22:25:48', 1),
(244, '0244', 'ANDAHUAYLAS 235-09', '-12.046167804208133, -77.02318268899063', '17714.97', 'LIMA', '', 1, '2023-08-06 22:25:48', 1),
(245, '0245', 'ANDAHUAYLAS 235-10', '-12.046167804208133, -77.02318268899063', '17714.97', 'LIMA', '', 1, '2023-08-06 22:25:48', 1),
(246, '0246', 'ANDAHUAYLAS 235-11', '-12.046167804208133, -77.02318268899063', '17714.97', 'LIMA', '', 1, '2023-08-06 22:25:48', 1),
(247, '0247', 'ANDAHUAYLAS 235-12', '-12.046167804208133, -77.02318268899063', '17714.97', 'LIMA', '', 1, '2023-08-06 22:25:48', 1),
(248, '0248', 'ANDAHUAYLAS 235-13', '-12.046141572746295, -77.02308478836542', '17714.97', 'LIMA', '', 1, '2023-08-06 22:25:48', 1),
(249, '0249', 'ANDAHUAYLAS 235-14', '-12.046141572746295, -77.02308478836542', '17714.97', 'LIMA', '', 1, '2023-08-06 22:25:48', 1),
(250, '0250', 'ANDAHUAYLAS 235-15', '-12.046141572746295, -77.02308478836542', '17714.97', 'LIMA', '', 1, '2023-08-06 22:25:48', 1),
(251, '0251', 'ANDAHUAYLAS 235-16', '-12.046141572746295, -77.02308478836542', '17714.97', 'LIMA', '', 1, '2023-08-06 22:25:48', 1),
(252, '0252', 'ANDAHUAYLAS 235-17', '-12.046169115781167, -77.0230083454115', '17714.97', 'LIMA', '', 1, '2023-08-06 22:25:48', 1),
(253, '0253', 'ANDAHUAYLAS 235-18', '-12.046169115781167, -77.0230083454115', '17714.97', 'LIMA', '', 1, '2023-08-06 22:25:48', 1),
(254, '0254', 'ANDAHUAYLAS 235-19', '-12.046169115781167, -77.0230083454115', '17714.97', 'LIMA', '', 1, '2023-08-06 22:25:48', 1),
(255, '0255', 'ANDAHUAYLAS 235-20', '-12.046169115781167, -77.0230083454115', '17714.97', 'LIMA', '', 1, '2023-08-06 22:25:48', 1),
(256, '0256', 'ANDAHUAYLAS 235-21', '-12.04617960836605, -77.0232551086206', '20140.56', 'LIMA', '', 1, '2023-08-06 22:25:48', 1),
(257, '0257', 'ANDAHUAYLAS 235-22', '-12.04617960836605, -77.0232551086206', '20140.56', 'LIMA', '', 1, '2023-08-06 22:25:48', 1),
(258, '0258', 'ANDAHUAYLAS 235-23', '-12.04617960836605, -77.0232551086206', '20140.56', 'LIMA', '', 1, '2023-08-06 22:25:48', 1),
(259, '0259', 'ANDAHUAYLAS 235-24', '-12.04617960836605, -77.0232551086206', '20140.56', 'LIMA', '', 1, '2023-08-06 22:25:48', 1),
(260, '0260', 'ANDAHUAYLAS 235-25', '-12.046187477803752, -77.02318537118896', '20140.56', 'LIMA', '', 1, '2023-08-06 22:25:48', 1),
(261, '0261', 'ANDAHUAYLAS 235-26', '-12.046187477803752, -77.02318537118896', '20140.56', 'LIMA', '', 1, '2023-08-06 22:25:48', 1),
(262, '0262', 'ANDAHUAYLAS 235-27', '-12.046187477803752, -77.02318537118896', '17730.05', 'LIMA', '', 1, '2023-08-06 22:25:48', 1),
(263, '0263', 'ANDAHUAYLAS 235-28', '-12.046187477803752, -77.02318537118896', '17730.05', 'LIMA', '', 1, '2023-08-06 22:25:48', 1),
(264, '0264', 'ANDAHUAYLAS 235-29', '-12.046197970387006, -77.02311295154838', '17730.05', 'LIMA', '', 1, '2023-08-06 22:25:48', 1),
(265, '0265', 'ANDAHUAYLAS 235-30', '-12.046197970387006, -77.02311295154838', '17730.58', 'LIMA', '', 1, '2023-08-06 22:25:48', 1),
(266, '0266', 'ANDAHUAYLAS 235-31', '-12.046197970387006, -77.02311295154838', '17730.05', 'LIMA', '', 1, '2023-08-06 22:25:48', 1),
(267, '0267', 'ANDAHUAYLAS 235-32', '-12.046197970387006, -77.02311295154838', '17730.05', 'LIMA', '', 1, '2023-08-06 22:25:48', 1),
(268, '0268', 'ANDAHUAYLAS 235-33', '-12.046216332406717, -77.02303784969891', '14958.52', 'LIMA', '', 1, '2023-08-06 22:25:48', 1),
(269, '0269', 'ANDAHUAYLAS 235-34', '-12.046216332406717, -77.02303784969891', '14958.52', 'LIMA', '', 1, '2023-08-06 22:25:48', 1),
(270, '0270', 'ANDAHUAYLAS 235-35', '-12.046216332406717, -77.02303784969891', '14958.52', 'LIMA', '', 1, '2023-08-06 22:25:48', 1),
(271, '0271', 'ANDAHUAYLAS 235-36', '-12.046216332406717, -77.02303784969891', '14958.52', 'LIMA', '', 1, '2023-08-06 22:25:48', 1),
(272, '0272', 'ANDAHUAYLAS 235-37', '-12.04612189914793, -77.02334093931718', '14958.52', 'LIMA', '', 1, '2023-08-06 22:25:48', 1),
(273, '0273', 'ANDAHUAYLAS 235-38', '-12.04612189914793, -77.02334093931718', '14958.52', 'LIMA', '', 1, '2023-08-06 22:25:48', 1),
(274, '0274', 'ANDAHUAYLAS 235-39', '-12.04612189914793, -77.02334093931718', '14958.52', 'LIMA', '', 1, '2023-08-06 22:25:48', 1),
(275, '0275', 'ANDAHUAYLAS 235-40', '-12.046169115781167, -77.0230083454115', '14958.52', 'LIMA', '', 1, '2023-08-06 22:25:48', 1),
(276, '0276', 'ANDAHUAYLAS 235-41', '-12.046169115781167, -77.0230083454115', '14958.52', 'LIMA', '', 1, '2023-08-06 22:25:48', 1),
(277, '0277', 'ANDAHUAYLAS 235-42', '-12.046169115781167, -77.0230083454115', '15171.25', 'LIMA', '', 1, '2023-08-06 22:25:48', 1),
(278, '0278', 'ANDAHUAYLAS 235-43', '-12.046197970387006, -77.02311295154838', '14958.52', 'LIMA', '', 1, '2023-08-06 22:25:48', 1),
(279, '0279', 'ANDAHUAYLAS 235-44', '-12.046197970387006, -77.02311295154838', '14958.52', 'LIMA', '', 1, '2023-08-06 22:25:48', 1),
(280, '0280', 'ANDAHUAYLAS 235-45', '-12.046197970387006, -77.02311295154838', '14958.52', 'LIMA', '', 1, '2023-08-06 22:25:48', 1),
(281, '0281', 'ANDAHUAYLAS 235- A', '-12.046197970387006, -77.02311295154838', '', 'LIMA', '', 1, '2023-08-06 22:25:48', 1),
(282, '0282', 'ANDAHUAYLAS 239', '-12.046154786560622, -77.02345765116291', '39871.62', 'LIMA', '', 1, '2023-08-06 22:25:48', 2),
(283, '0283', 'ANDAHUAYLAS 243', '-12.046232538097843, -77.02346752871851', '85546.31', 'LIMA', '', 1, '2023-08-06 22:25:48', 1),
(284, '0284', 'ANDAHUAYLAS 348', '-12.047620322872373, -77.02411613773424', '4432709.44', 'LIMA', '', 1, '2023-08-06 22:25:48', 9),
(285, '0285', 'ANGARAES 421', '-12.043887622756857, -77.03980425300206', '20862.66', 'LIMA', '', 1, '2023-08-06 22:25:48', 1),
(286, '0286', 'ANGARAES 425', '-12.043947955621709, -77.0398310750912', '16659.49', 'LIMA', '', 1, '2023-08-06 22:25:48', 1),
(287, '0287', 'ANGARAES 455', '-12.043945251482581, -77.03987443126547', '23458.63', 'LIMA', '', 1, '2023-08-06 22:25:48', 1),
(288, '0288', 'ANGARAES 457', '-12.044020011753595, -77.039858338012', '23458.36', 'LIMA', '', 1, '2023-08-06 22:25:48', 1),
(289, '0289', 'ANGARAES 463', '-12.044001649583697, -77.03991466439918', '22189.17', 'LIMA', '', 1, '2023-08-06 22:25:48', 1),
(290, '0290', 'ANGARAES 475', '-12.044285356341966, -77.04003995062536', '22189.17', 'LIMA', '', 1, '2023-08-06 22:25:48', 1),
(291, '0291', 'ANGARAES 477', '-12.044340442789672, -77.0400909125947', '313698', 'LIMA', '', 1, '2023-08-06 22:25:48', 2),
(292, '0292', 'ANGARAES 570', '', '14491.93', 'LIMA', '', 1, '2023-08-06 22:25:48', 1),
(293, '0293', 'ANGARAES 572', '', '14311.03', 'LIMA', '', 1, '2023-08-06 22:25:48', 1),
(294, '0294', 'ANGARAES 574-01', '', '15876.39', 'LIMA', '', 1, '2023-08-06 22:25:48', 1),
(295, '0295', 'ANGARAES 574-02', '', '15876.39', 'LIMA', '', 1, '2023-08-06 22:25:48', 1),
(296, '0296', 'ANGARAES 574-03', '', '15876.39', 'LIMA', '', 1, '2023-08-06 22:25:48', 1),
(297, '0297', 'ANGARAES 574-04', '', '15876.39', 'LIMA', '', 1, '2023-08-06 22:25:48', 1),
(298, '0298', 'ANGARAES 574-05', '', '15876.39', 'LIMA', '', 1, '2023-08-06 22:25:48', 1),
(299, '0299', 'ANGARAES 574-06', '', '15876.39', 'LIMA', '', 1, '2023-08-06 22:25:48', 1),
(300, '0300', 'ANGARAES 574-07', '', '15876.39', 'LIMA', '', 1, '2023-08-06 22:25:48', 1),
(301, '0301', 'ANGARAES 574-08', '', '15876.39', 'LIMA', '', 1, '2023-08-06 22:25:48', 1),
(302, '0302', 'ANGARAES 574-09', '', '15876.39', 'LIMA', '', 1, '2023-08-06 22:25:48', 1),
(303, '0303', 'ANGARAES 574-10', '', '15876.39', 'LIMA', '', 1, '2023-08-06 22:25:48', 1),
(304, '0304', 'ANGARAES 574-11', '', '15876.39', 'LIMA', '', 1, '2023-08-06 22:25:48', 1),
(305, '0305', 'ANGARAES 574-12', '', '15876.39', 'LIMA', '', 1, '2023-08-06 22:25:48', 1),
(306, '0306', 'ANGARAES 574-13', '', '15876.39', 'LIMA', '', 1, '2023-08-06 22:25:48', 1),
(307, '0307', 'ANGARAES 574-14', '', '15876.39', 'LIMA', '', 1, '2023-08-06 22:25:48', 1),
(308, '0308', 'ANGARAES 574-15', '', '15876.39', 'LIMA', '', 1, '2023-08-06 22:25:48', 1),
(309, '0309', 'ANGARAES 574-16', '', '15876.39', 'LIMA', '', 1, '2023-08-06 22:25:48', 1),
(310, '0310', 'ANGARAES 574-17', '', '15876.39', 'LIMA', '', 1, '2023-08-06 22:25:48', 1),
(311, '0311', 'ANGARAES 574-18', '', '15876.39', 'LIMA', '', 1, '2023-08-06 22:25:48', 1),
(312, '0312', 'ANGARAES 574-19', '', '3359.51', 'LIMA', '', 1, '2023-08-06 22:25:48', 1),
(313, '0313', 'ANGARAES 574-20', '', '15876.39', 'LIMA', '', 1, '2023-08-06 22:25:48', 1),
(314, '0314', 'ANGARAES 582', '-12.045137398999119, -77.04072521140198', '14311.03', 'LIMA', '', 1, '2023-08-06 22:25:48', 1),
(315, '0315', 'ANGARAES 586', '-12.045183304227344, -77.04077885558024', '15832.82', 'LIMA', '', 1, '2023-08-06 22:25:48', 1),
(316, '0316', 'AYACUCHO 225', '-12.047107907591519, -77.0247994141276', '83190.5', 'LIMA', '', 1, '2023-08-06 22:25:48', 1),
(317, '0317', 'AYACUCHO 227 INT.101', '-12.047317188332567, -77.02526048647822', '15335.32', 'LIMA', '', 1, '2023-08-06 22:25:48', 1),
(318, '0318', 'AYACUCHO 227 INT.102', '-12.047319909135283, -77.02524869424656', '15335.32', 'LIMA', '', 1, '2023-08-06 22:25:48', 1),
(319, '0319', 'AYACUCHO 227 INT.103', '-12.047334336376284, -77.02520980221738', '10806.73', 'LIMA', '', 1, '2023-08-06 22:25:48', 1),
(320, '0320', 'AYACUCHO 227-104', '-12.047339582645558, -77.02518163902383', '11387.91', 'LIMA', '', 1, '2023-08-06 22:25:48', 1),
(321, '0321', 'AYACUCHO 227-105', '-12.047350075183777, -77.02514744086022', '57604.15', 'LIMA', '', 1, '2023-08-06 22:25:48', 1),
(322, '0322', 'AYACUCHO 227-200', '-12.047350075183777, -77.02514744086022', '15499.98', 'LIMA', '', 1, '2023-08-06 22:25:48', 1),
(323, '0323', 'AYACUCHO 227-201 ALT.', '-12.047350075183777, -77.02514744086022', '15499.98', 'LIMA', '', 1, '2023-08-06 22:25:48', 1),
(324, '0324', 'AYACUCHO 227-202', '-12.047321876486373, -77.02521248442628', '26559.84', 'LIMA', '', 1, '2023-08-06 22:25:48', 1),
(325, '0325', 'CAÑETE 364', '-12.04392777434262, -77.0385173407051', '16529.99', 'LIMA', '', 1, '2023-08-06 22:25:48', 2),
(326, '0326', 'CAÑETE 370', '-12.043959908147958, -77.03854952721201', '45561.23', 'LIMA', '', 1, '2023-08-06 22:25:48', 1),
(327, '0327', 'CAÑETE 370-01', '-12.043987451406613, -77.0385562327343', '11307.34', 'LIMA', '', 1, '2023-08-06 22:25:48', 1),
(328, '0328', 'CAÑETE 370-02', '-12.043957940772236, -77.03858372537562', '25127.42', 'LIMA', '', 1, '2023-08-06 22:25:48', 1),
(329, '0329', 'CAÑETE 372', '', '11484.86', 'LIMA', '', 1, '2023-08-06 22:25:48', 2),
(330, '0330', 'CAÑETE 376-01', '-12.043979774427607, -77.03854755756616', '12334.43', 'LIMA', '', 1, '2023-08-06 22:25:48', 1),
(331, '0331', 'CAÑETE 376-02', '-12.043964691214455, -77.03858577904312', '6998.82', 'LIMA', '', 1, '2023-08-06 22:25:48', 1),
(332, '0332', 'CAÑETE 376-03', '-12.043956821711602, -77.03861327168444', '25791.18', 'LIMA', '', 1, '2023-08-06 22:25:48', 1),
(333, '0333', 'CAÑETE 376-04', '-12.043935836369538, -77.03863137659458', '25205.38', 'LIMA', '', 1, '2023-08-06 22:25:48', 1),
(334, '0334', 'CAÑETE 380', '-12.044047297658965, -77.03859578247005', '31441.77', 'LIMA', '', 1, '2023-08-06 22:25:48', 2),
(335, '0335', 'CAÑETE 384', '-12.044087002263657, -77.03862284798834', '26829.09', 'LIMA', '', 1, '2023-08-06 22:25:48', 1),
(336, '0336', 'CAÑETE 386', '-12.044148764970402, -77.03866231853583', '151110.51', 'LIMA', '', 1, '2023-08-06 22:25:48', 2),
(337, '0337', 'CAÑETE 394', '-12.044191778275632, -77.03869727816362', '25161.73', 'LIMA', '', 1, '2023-08-06 22:25:48', 2),
(338, '0338', 'CARABAYA 1154-01', '-12.054897881851277, -77.03565817145925', '36792.33', 'LIMA', '', 1, '2023-08-06 22:25:48', 1),
(339, '0339', 'CARABAYA 1154-02', '-12.054897881851277, -77.03565817145925', '41323.1', 'LIMA', '', 1, '2023-08-06 22:25:48', 1),
(340, '0340', 'CARABAYA 1154-03', '-12.054897881851277, -77.03565817145925', '43002.74', 'LIMA', '', 1, '2023-08-06 22:25:48', 1),
(341, '0341', 'CARABAYA 1154-04', '-12.054869807587417, -77.03571718094476', '31028.93', 'LIMA', '', 1, '2023-08-06 22:25:48', 1),
(342, '0342', 'CARABAYA 1154-05', '-12.054869807587417, -77.03571718094476', '30949.26', 'LIMA', '', 1, '2023-08-06 22:25:48', 1),
(343, '0343', 'CARABAYA 1154-06', '-12.054869807587417, -77.03571718094476', '30949.26', 'LIMA', '', 1, '2023-08-06 22:25:48', 1),
(344, '0344', 'CARABAYA 1154-07', '-12.054858889817357, -77.03576502647356', '30949.26', 'LIMA', '', 1, '2023-08-06 22:25:48', 1),
(345, '0345', 'CARABAYA 1154-08', '-12.054858889817357, -77.03576502647356', '22563.02', 'LIMA', '', 1, '2023-08-06 22:25:48', 1),
(346, '0346', 'CARABAYA 1154-09', '-12.054858889817357, -77.03576502647356', '28775.45', 'LIMA', '', 1, '2023-08-06 22:25:48', 1),
(347, '0347', 'CARABAYA 1154-10', '-12.054829255867773, -77.03585593297825', '26270.29', 'LIMA', '', 1, '2023-08-06 22:25:48', 1),
(348, '0348', 'CARABAYA 1154-11', '-12.054829255867773, -77.03585593297825', '29219.07', 'LIMA', '', 1, '2023-08-06 22:25:48', 1),
(349, '0349', 'CARABAYA 1154-12', '-12.054829255867773, -77.03585593297825', '34022.24', 'LIMA', '', 1, '2023-08-06 22:25:48', 1),
(350, '0350', 'CARABAYA 1154-13', '-12.054808980003658, -77.03589899396313', '20774.5', 'LIMA', '', 1, '2023-08-06 22:25:48', 1),
(351, '0351', 'CARABAYA 1154-13A', '-12.054808980003658, -77.03589899396313', '11518.59', 'LIMA', '', 1, '2023-08-06 22:25:48', 1),
(352, '0352', 'CARABAYA 1154-14', '-12.054808980003658, -77.03589899396313', '34893.4', 'LIMA', '', 1, '2023-08-06 22:25:48', 1),
(353, '0353', 'CARABAYA 1154-15', '-12.05479182350375, -77.03595800344863', '34893.4', 'LIMA', '', 1, '2023-08-06 22:25:48', 1),
(354, '0354', 'CARABAYA 1154-16', '-12.05479182350375, -77.03595800344863', '34893.4', 'LIMA', '', 1, '2023-08-06 22:25:48', 1),
(355, '0355', 'CARABAYA 1154-17', '-12.05479182350375, -77.03595800344863', '34893.4', 'LIMA', '', 1, '2023-08-06 22:25:48', 1),
(356, '0356', 'CARABAYA 1154-18', '-12.054754391136493, -77.03600744382838', '42206.31', 'LIMA', '', 1, '2023-08-06 22:25:48', 1),
(357, '0357', 'CARABAYA 1154-19', '-12.054754391136493, -77.03600744382838', '26854.79', 'LIMA', '', 1, '2023-08-06 22:25:48', 1),
(358, '0358', 'CARABAYA 1154-20', '-12.054754391136493, -77.03600744382838', '26854.79', 'LIMA', '', 1, '2023-08-06 22:25:48', 1),
(359, '0359', 'CARABAYA 1154-21', '-12.054751271772313, -77.0360505048043', '26854.79', 'LIMA', '', 1, '2023-08-06 22:25:48', 1),
(360, '0360', 'CARABAYA 1154-22', '-12.054751271772313, -77.0360505048043', '26854.79', 'LIMA', '', 1, '2023-08-06 22:25:48', 1),
(361, '0361', 'CARABAYA 1154-23', '-12.054751271772313, -77.0360505048043', '26854.79', 'LIMA', '', 1, '2023-08-06 22:25:48', 1),
(362, '0362', 'CARABAYA 1154-24', '-12.054832375229052, -77.03607123786676', '26854.79', 'LIMA', '', 1, '2023-08-06 22:25:48', 1),
(363, '0363', 'CARABAYA 1154-25', '-12.054832375229052, -77.03607123786676', '26854.79', 'LIMA', '', 1, '2023-08-06 22:25:48', 1),
(364, '0364', 'CARABAYA 1158', '', '92294.16', 'LIMA', '', 1, '2023-08-06 22:25:48', 1),
(365, '0365', 'CHIRA 169', '', '', 'LIMA', '', 1, '2023-08-06 22:25:48', 1),
(366, '0366', 'CHIRA 177', '', '', 'LIMA', '', 1, '2023-08-06 22:25:48', 1),
(367, '0367', 'CUZCO 735', '-12.053057253435504, -77.02611862666798', '184360.41', 'LIMA', '', 1, '2023-08-06 22:25:48', 2),
(368, '0368', 'CUZCO 745', '', '25336.8', 'LIMA', '', 1, '2023-08-06 22:25:48', 9),
(369, '0369', 'CUZCO 747', '', '62519.41', 'LIMA', '', 1, '2023-08-06 22:25:48', 2),
(370, '0370', 'CUZCO 751-01', '', '13869.09', 'LIMA', '', 1, '2023-08-06 22:25:48', 1),
(371, '0371', 'CUZCO 751-02', '', '13869.09', 'LIMA', '', 1, '2023-08-06 22:25:48', 1),
(372, '0372', 'CUZCO 751-03,04', '', '27738.18', 'LIMA', '', 1, '2023-08-06 22:25:48', 1),
(373, '0373', 'CUZCO 751-05', '', '12262.47', 'LIMA', '', 1, '2023-08-06 22:25:48', 1),
(374, '0374', 'CUZCO 751-06', '', '12262.47', 'LIMA', '', 1, '2023-08-06 22:25:48', 1),
(375, '0375', 'CUZCO 751-07', '', '27030.17', 'LIMA', '', 1, '2023-08-06 22:25:48', 1),
(376, '0376', 'CUZCO 751-08', '', '', 'LIMA', '', 1, '2023-08-06 22:25:48', 1),
(377, '0377', 'CUZCO 751-10', '', '18042.87', 'LIMA', '', 1, '2023-08-06 22:25:48', 1),
(378, '0378', 'CUZCO 751-11', '', '18042.87', 'LIMA', '', 1, '2023-08-06 22:25:48', 1),
(379, '0379', 'CUZCO 751-12,13', '', '27030.17', 'LIMA', '', 1, '2023-08-06 22:25:48', 1),
(380, '0380', 'CUZCO 751-14', '', '18745.98', 'LIMA', '', 1, '2023-08-06 22:25:48', 1),
(381, '0381', 'CUZCO 751-15', '', '18745.98', 'LIMA', '', 1, '2023-08-06 22:25:48', 1),
(382, '0382', 'CUZCO 751-16', '', '18745.98', 'LIMA', '', 1, '2023-08-06 22:25:48', 1),
(383, '0383', 'CUZCO 751-17', '', '22433.79', 'LIMA', '', 1, '2023-08-06 22:25:48', 1),
(384, '0384', 'CUZCO 751-18', '', '23307.92', 'LIMA', '', 1, '2023-08-06 22:25:48', 1),
(385, '0385', 'CUZCO 751-19', '', '22433.79', 'LIMA', '', 1, '2023-08-06 22:25:48', 1),
(386, '0386', 'CUZCO 751-20', '', '22433.79', 'LIMA', '', 1, '2023-08-06 22:25:48', 1),
(387, '0387', 'CUZCO 751-21', '', '23909.15', 'LIMA', '', 1, '2023-08-06 22:25:48', 1),
(388, '0388', 'CUZCO 751-22', '', '23125.37', 'LIMA', '', 1, '2023-08-06 22:25:48', 1),
(389, '0389', 'CUZCO 751-23', '', '23125.37', 'LIMA', '', 1, '2023-08-06 22:25:48', 1),
(390, '0390', 'CUZCO 751-24', '', '23125.37', 'LIMA', '', 1, '2023-08-06 22:25:48', 1),
(391, '0391', 'CUZCO 751-25', '', '23125.37', 'LIMA', '', 1, '2023-08-06 22:25:48', 1),
(392, '0392', 'CUZCO 751-26', '', '23125.37', 'LIMA', '', 1, '2023-08-06 22:25:48', 1),
(393, '0393', 'CUZCO 751-27', '', '29690.35', 'LIMA', '', 1, '2023-08-06 22:25:48', 1),
(394, '0394', 'CUZCO 751-A', '', '35268.57', 'LIMA', '', 1, '2023-08-06 22:25:48', 2),
(395, '0395', 'CUZCO 751 B', '', '199862.82', 'LIMA', '', 1, '2023-08-06 22:25:48', 2),
(396, '0396', 'CUZCO 751-D', '', '99091.3', 'LIMA', '', 1, '2023-08-06 22:25:48', 1),
(397, '0397', 'CUZCO 751-E', '', '9350.01', 'LIMA', '', 1, '2023-08-06 22:25:48', 1),
(398, '0398', 'CUZCO 771-01', '', '22988.91', 'LIMA', '', 1, '2023-08-06 22:25:48', 2),
(399, '0399', 'CUZCO 771-02', '', '22986.27', 'LIMA', '', 1, '2023-08-06 22:25:48', 2),
(400, '0400', 'CUZCO 771-03', '', '20741.28', 'LIMA', '', 1, '2023-08-06 22:25:48', 2),
(401, '0401', 'CUZCO 771-04', '', '24741.36', 'LIMA', '', 1, '2023-08-06 22:25:48', 2),
(402, '0402', 'CUZCO 771-05', '', '23859.06', 'LIMA', '', 1, '2023-08-06 22:25:48', 2),
(403, '0403', 'CUZCO 771- INT- 6 -7 ', '', '110330.29', 'LIMA', '', 1, '2023-08-06 22:25:48', 2),
(404, '0404', 'CUZCO 773', '', '38150.14', 'LIMA', '', 1, '2023-08-06 22:25:48', 2),
(405, '0405', 'CUZCO 775', '', '141407.55', 'LIMA', '', 1, '2023-08-06 22:25:48', 2),
(406, '0406', 'GRAU 755', '-12.057933826352528, -77.02296139186873', '', 'LIMA', '', 1, '2023-08-06 22:25:48', 9),
(407, '0407', 'MIGUEL BAQUERO 300', '-12.048881247510769, -77.0454255294268', '', 'LIMA', '', 1, '2023-08-06 22:25:48', 9),
(408, '0408', 'GARCILAZO DE LA VEGA 1218 -1101', '-12.054360904571725, -77.03853440373118', '', 'LIMA', '', 1, '2023-08-06 22:25:48', 9),
(409, '0409', 'GARCILAZO DE LA VEGA 1218 -1102', '-12.054360904571725, -77.03853440373118', '', 'LIMA', '', 1, '2023-08-06 22:25:48', 9);
INSERT INTO `predios` (`id`, `codigo`, `nombre_predio`, `latlong`, `valor`, `departamento`, `foto`, `estado`, `fecha`, `id_categoria`) VALUES
(410, '0410', 'GARCILAZO DE LA VEGA 1218 -1103', '-12.054360904571725, -77.03853440373118', '', 'LIMA', '', 1, '2023-08-06 22:25:48', 9),
(411, '0411', 'GARCILAZO DE LA VEGA 1218 -1104', '-12.054360904571725, -77.03853440373118', '', 'LIMA', '', 1, '2023-08-06 22:25:48', 9),
(412, '0412', 'GARCILAZO DE LA VEGA 1218 -1105', '-12.054360904571725, -77.03853440373118', '', 'LIMA', '', 1, '2023-08-06 22:25:48', 9),
(413, '0413', 'GARCILAZO DE LA VEGA 1218 -1106', '-12.054360904571725, -77.03853440373118', '', 'LIMA', '', 1, '2023-08-06 22:25:48', 9),
(414, '0414', 'GARCILAZO DE LA VEGA 1218 -1107', '-12.054360904571725, -77.03853440373118', '', 'LIMA', '', 1, '2023-08-06 22:25:48', 9),
(415, '0415', 'GARCILAZO DE LA VEGA 1218 -1108', '-12.054360904571725, -77.03853440373118', '', 'LIMA', '', 1, '2023-08-06 22:25:48', 9),
(416, '0416', 'GARCILAZO DE LA VEGA 1218 -601', '-12.05425172664394, -77.03857746470709', '', 'LIMA', '', 1, '2023-08-06 22:25:48', 9),
(417, '0417', 'GARCILAZO DE LA VEGA 1218 -602', '-12.05425172664394, -77.03857746470709', '', 'LIMA', '', 1, '2023-08-06 22:25:48', 9),
(418, '0418', 'GARCILAZO DE LA VEGA 1218 -603', '-12.05425172664394, -77.03857746470709', '', 'LIMA', '', 1, '2023-08-06 22:25:48', 9),
(419, '0419', 'GARCILAZO DE LA VEGA 1218 -604', '-12.05425172664394, -77.03857746470709', '', 'LIMA', '', 1, '2023-08-06 22:25:48', 9),
(420, '0420', 'GARCILAZO DE LA VEGA 1218 -605', '-12.05425172664394, -77.03857746470709', '', 'LIMA', '', 1, '2023-08-06 22:25:48', 9),
(421, '0421', 'GARCILAZO DE LA VEGA 1218 -606', '-12.05425172664394, -77.03857746470709', '', 'LIMA', '', 1, '2023-08-06 22:25:48', 9),
(422, '0422', 'GARCILAZO DE LA VEGA 1218 -607', '-12.05425172664394, -77.03857746470709', '', 'LIMA', '', 1, '2023-08-06 22:25:48', 9),
(423, '0423', 'GARCILAZO DE LA VEGA 1218 -608', '-12.05425172664394, -77.03857746470709', '', 'LIMA', '', 1, '2023-08-06 22:25:48', 9),
(424, '0424', 'GRAU 986', '', '', 'LIMA', '', 1, '2023-08-06 22:25:48', 2),
(425, '0425', 'GRAU 1010', '-12.058037049104417, -77.02033699763065', '', 'LIMA', '', 1, '2023-08-06 22:25:48', 2),
(426, '0426', 'GRAU 1014', '-12.058063935160963, -77.02017539454386', '', 'LIMA', '', 1, '2023-08-06 22:25:48', 2),
(427, '0427', 'GRAU 1028-01', '-12.057984101783862, -77.02012443093768', '', 'LIMA', '', 1, '2023-08-06 22:25:48', 1),
(428, '0428', 'GRAU 1028-02', '-12.057984101783862, -77.02012443093768', '', 'LIMA', '', 1, '2023-08-06 22:25:48', 1),
(429, '0429', 'GRAU 1028-03', '-12.057984101783862, -77.02012443093768', '', 'LIMA', '', 1, '2023-08-06 22:25:48', 1),
(430, '0430', 'GRAU 1028-04', '-12.057984101783862, -77.02012443093768', '', 'LIMA', '', 1, '2023-08-06 22:25:48', 1),
(431, '0431', 'GRAU 1028-08', '-12.057984101783862, -77.02012443093768', '', 'LIMA', '', 1, '2023-08-06 22:25:48', 1),
(432, '0432', 'GRAU 1028-04-A', '-12.057984101783862, -77.02012443093768', '', 'LIMA', '', 1, '2023-08-06 22:25:48', 1),
(433, '0433', 'GRAU 1028-05', '-12.057984101783862, -77.02012443093768', '', 'LIMA', '', 1, '2023-08-06 22:25:48', 1),
(434, '0434', 'GRAU 1028-06', '-12.057984101783862, -77.02012443093768', '', 'LIMA', '', 1, '2023-08-06 22:25:48', 1),
(435, '0435', 'GRAU 1028-07', '-12.057984101783862, -77.02012443093768', '', 'LIMA', '', 1, '2023-08-06 22:25:48', 1),
(436, '0436', 'GRAU 1028-09', '-12.057984101783862, -77.02012443093768', '', 'LIMA', '', 1, '2023-08-06 22:25:48', 1),
(437, '0437', 'GRAU 1028-10', '-12.057984101783862, -77.02012443093768', '', 'LIMA', '', 1, '2023-08-06 22:25:48', 1),
(438, '0438', 'GRAU 1028-11', '-12.057994593905875, -77.02003860025245', '', 'LIMA', '', 1, '2023-08-06 22:25:48', 1),
(439, '0439', 'GRAU 1048', '-12.057976978132075, -77.01997927326644', '', 'LIMA', '', 1, '2023-08-06 22:25:48', 2),
(440, '0440', 'GRAU 1068', '-12.057848209587958, -77.01969527326638', '', 'LIMA', '', 1, '2023-08-06 22:25:48', 2),
(441, '0441', 'GRAU 1068-A', '-12.057848209587958, -77.01969527326638', '', 'LIMA', '', 1, '2023-08-06 22:25:48', 2),
(442, '0442', 'GRAU 1088-01', '-12.057964058187704, -77.01959452712993', '', 'LIMA', '', 1, '2023-08-06 22:25:48', 1),
(443, '0443', 'GRAU 1088-02', '-12.057964058187704, -77.01959452712993', '', 'LIMA', '', 1, '2023-08-06 22:25:48', 1),
(444, '0444', 'GRAU 1088-03', '-12.057964058187704, -77.01959452712993', '', 'LIMA', '', 1, '2023-08-06 22:25:48', 1),
(445, '0445', 'GRAU 1088-04', '-12.057964058187704, -77.01959452712993', '', 'LIMA', '', 1, '2023-08-06 22:25:48', 1),
(446, '0446', 'GRAU 1088-04-A', '-12.057964058187704, -77.01959452712993', '', 'LIMA', '', 1, '2023-08-06 22:25:48', 1),
(447, '0447', 'GRAU 1088-05', '-12.057964058187704, -77.01959452712993', '', 'LIMA', '', 1, '2023-08-06 22:25:48', 1),
(448, '0448', 'GRAU 1088-06', '-12.057964058187704, -77.01959452712993', '', 'LIMA', '', 1, '2023-08-06 22:25:48', 1),
(449, '0449', 'GRAU 1088-07', '-12.057964058187704, -77.01959452712993', '', 'LIMA', '', 1, '2023-08-06 22:25:48', 1),
(450, '0450', 'GRAU 1088-08', '-12.057964058187704, -77.01959452712993', '', 'LIMA', '', 1, '2023-08-06 22:25:48', 1),
(451, '0451', 'GRAU 1160', '-12.05782671745331, -77.01891731744475', '', 'LIMA', '', 1, '2023-08-06 22:25:48', 2),
(452, '0452', 'GRAU 1212', '-12.05760615666831, -77.01838538860905', '', 'LIMA', '', 1, '2023-08-06 22:25:48', 2),
(453, '0453', 'GRAU 1212-A', '-12.057831143030409, -77.0183121912512', '', 'LIMA', '', 1, '2023-08-06 22:25:48', 2),
(454, '0454', 'GRAU 1212-B', '-12.057831143030409, -77.0183121912512', '', 'LIMA', '', 1, '2023-08-06 22:25:48', 2),
(455, '0455', 'GRAU 1226', '-12.057683533109728, -77.01806381744477', '', 'LIMA', '', 1, '2023-08-06 22:25:48', 2),
(456, '0456', 'GRAU 1240', '-12.057615272420435, -77.01796711559524', '', 'LIMA', '', 1, '2023-08-06 22:25:48', 2),
(457, '0457', 'GRAU 1250', '-12.057625664556836, -77.01800376162306', '', 'LIMA', '', 1, '2023-08-06 22:25:48', 2),
(458, '0458', 'GRAU 1264', '-12.057638193724873, -77.01780103093779', '', 'LIMA', '', 1, '2023-08-06 22:25:48', 2),
(459, '0459', 'GRAU 1272-01,02', '-12.057724574907697, -77.0175908763836', '', 'LIMA', '', 1, '2023-08-06 22:25:48', 2),
(460, '0460', 'GRAU 1272-03', '-12.057724574907697, -77.0175908763836', '', 'LIMA', '', 1, '2023-08-06 22:25:48', 1),
(461, '0461', 'GRAU 1272-04', '-12.057724574907697, -77.0175908763836', '', 'LIMA', '', 1, '2023-08-06 22:25:48', 1),
(462, '0462', 'GRAU 1272-05', '-12.057724574907697, -77.0175908763836', '', 'LIMA', '', 1, '2023-08-06 22:25:48', 1),
(463, '0463', 'GRAU 1272-06', '-12.057780970113287, -77.01759489969696', '', 'LIMA', '', 1, '2023-08-06 22:25:48', 1),
(464, '0464', 'GRAU 1272-07', '-12.057780970113287, -77.01759489969696', '', 'LIMA', '', 1, '2023-08-06 22:25:48', 1),
(465, '0465', 'GRAU 1272-08', '-12.057780970113287, -77.01759489969696', '', 'LIMA', '', 1, '2023-08-06 22:25:48', 1),
(466, '0466', 'GRAU 1272-09', '-12.057780970113287, -77.01759489969696', '', 'LIMA', '', 1, '2023-08-06 22:25:48', 1),
(467, '0467', 'GRAU 1272-10', '-12.057780970113287, -77.01759489969696', '', 'LIMA', '', 1, '2023-08-06 22:25:48', 1),
(468, '0468', 'GRAU 1272-11', '-12.057763264643036, -77.01761233405487', '', 'LIMA', '', 1, '2023-08-06 22:25:48', 1),
(469, '0469', 'GRAU 1272-12', '-12.057763264643036, -77.01761233405487', '', 'LIMA', '', 1, '2023-08-06 22:25:48', 1),
(470, '0470', 'GRAU 1272-10', '-12.057763264643036, -77.01761233405487', '', 'LIMA', '', 1, '2023-08-06 22:25:48', 1),
(471, '0471', 'GRAU 1272-11', '-12.057763264643036, -77.01761233405487', '', 'LIMA', '', 1, '2023-08-06 22:25:48', 1),
(472, '0472', 'GRAU 1272-12', '-12.057763264643036, -77.01761233405487', '', 'LIMA', '', 1, '2023-08-06 22:25:48', 1),
(473, '0473', 'GRAU 1272-16', '-12.057815725292226, -77.01761166350263', '', 'LIMA', '', 1, '2023-08-06 22:25:48', 1),
(474, '0474', 'GRAU 1272-17', '-12.057815725292226, -77.01761166350263', '', 'LIMA', '', 1, '2023-08-06 22:25:48', 1),
(475, '0475', 'GRAU 1272-13', '-12.057815725292226, -77.01761166350263', '', 'LIMA', '', 1, '2023-08-06 22:25:48', 1),
(476, '0476', 'GRAU 1272-14', '-12.057815725292226, -77.01761166350263', '', 'LIMA', '', 1, '2023-08-06 22:25:48', 1),
(477, '0477', 'GRAU 1272-15', '-12.057815725292226, -77.01761166350263', '', 'LIMA', '', 1, '2023-08-06 22:25:48', 1),
(478, '0478', 'GRAU 1272-18', '-12.057846545918835, -77.01757008926454', '', 'LIMA', '', 1, '2023-08-06 22:25:48', 1),
(479, '0479', 'GRAU 1272-19', '-12.057846545918835, -77.01757008926454', '', 'LIMA', '', 1, '2023-08-06 22:25:48', 1),
(480, '0480', 'GRAU 1272-20', '-12.057846545918835, -77.01757008926454', '', 'LIMA', '', 1, '2023-08-06 22:25:48', 1),
(481, '0481', 'HUANCAVELICA 726', '-12.043878360077649, -77.038953244431', '86501.35', 'LIMA', '', 1, '2023-08-06 22:25:48', 1),
(482, '0482', 'HUANCAVELICA 732', '-12.043875138069792, -77.0391238616232', '', 'LIMA', '', 1, '2023-08-06 22:25:48', 2),
(483, '0483', 'HUANCAVELICA 747', '-12.04395906015011, -77.03924294443098', '', 'LIMA', '', 1, '2023-08-06 22:25:48', 2),
(484, '0484', 'HUANCAVELICA 748-01', '-12.044035243702497, -77.03910446648453', '', 'LIMA', '', 1, '2023-08-06 22:25:48', 1),
(485, '0485', 'HUANCAVELICA 748-02', '-12.044035243702497, -77.03910446648453', '', 'LIMA', '', 1, '2023-08-06 22:25:48', 1),
(486, '0486', 'HUANCAVELICA 748-03', '-12.044035243702497, -77.03910446648453', '', 'LIMA', '', 1, '2023-08-06 22:25:48', 1),
(487, '0487', 'HUANCAVELICA 748-04', '-12.044035243702497, -77.03910446648453', '', 'LIMA', '', 1, '2023-08-06 22:25:48', 1),
(488, '0488', 'HUANCAVELICA 748-05', '-12.044035243702497, -77.03910446648453', '', 'LIMA', '', 1, '2023-08-06 22:25:48', 1),
(489, '0489', 'HUANCAVELICA 748-06', '-12.044035243702497, -77.03910446648453', '', 'LIMA', '', 1, '2023-08-06 22:25:48', 1),
(490, '0490', 'HUANCAVELICA 748-07', '-12.044035243702497, -77.03910446648453', '', 'LIMA', '', 1, '2023-08-06 22:25:48', 1),
(491, '0491', 'HUANCAVELICA 748-08', '-12.044035243702497, -77.03910446648453', '', 'LIMA', '', 1, '2023-08-06 22:25:48', 1),
(492, '0492', 'HUANCAVELICA 748-09', '-12.044035243702497, -77.03910446648453', '', 'LIMA', '', 1, '2023-08-06 22:25:48', 1),
(493, '0493', 'HUANCAVELICA 748-10', '-12.044035243702497, -77.03910446648453', '', 'LIMA', '', 1, '2023-08-06 22:25:48', 1),
(494, '0494', 'HUANCAVELICA 748-11', '-12.044035243702497, -77.03910446648453', '', 'LIMA', '', 1, '2023-08-06 22:25:48', 1),
(495, '0495', 'HUANCAVELICA 748-12', '-12.044035243702497, -77.03910446648453', '', 'LIMA', '', 1, '2023-08-06 22:25:48', 1),
(496, '0496', 'HUANCAVELICA 748-13', '-12.044035243702497, -77.03910446648453', '', 'LIMA', '', 1, '2023-08-06 22:25:48', 1),
(497, '0497', 'HUANCAVELICA 748-14', '-12.044035243702497, -77.03910446648453', '', 'LIMA', '', 1, '2023-08-06 22:25:48', 1),
(498, '0498', 'HUANCAVELICA 748-15', '-12.044035243702497, -77.03910446648453', '', 'LIMA', '', 1, '2023-08-06 22:25:48', 1),
(499, '0499', 'HUANCAVELICA 748-16', '-12.044035243702497, -77.03910446648453', '', 'LIMA', '', 1, '2023-08-06 22:25:48', 1),
(500, '0500', 'HUANCAVELICA 748-17', '-12.044035243702497, -77.03910446648453', '', 'LIMA', '', 1, '2023-08-06 22:25:48', 1),
(501, '0501', 'HUANCAVELICA 748-18', '-12.044035243702497, -77.03910446648453', '', 'LIMA', '', 1, '2023-08-06 22:25:48', 1),
(502, '0502', 'HUANCAVELICA 748-19', '-12.044035243702497, -77.03910446648453', '', 'LIMA', '', 1, '2023-08-06 22:25:48', 1),
(503, '0503', 'HUANCAVELICA 748-20', '-12.044035243702497, -77.03910446648453', '', 'LIMA', '', 1, '2023-08-06 22:25:48', 1),
(504, '0504', 'HUANCAVELICA 748-21', '-12.044035243702497, -77.03910446648453', '', 'LIMA', '', 1, '2023-08-06 22:25:48', 1),
(505, '0505', 'HUANCAVELICA 748-22', '-12.044035243702497, -77.03910446648453', '', 'LIMA', '', 1, '2023-08-06 22:25:48', 1),
(506, '0506', 'HUANCAVELICA 748-23', '-12.044035243702497, -77.03910446648453', '', 'LIMA', '', 1, '2023-08-06 22:25:48', 1),
(507, '0507', 'HUANCAVELICA 761 ', '-12.043776852654965, -77.03929557141706', '', 'LIMA', '', 1, '2023-08-06 22:25:48', 1),
(508, '0508', 'HUANCAVELICA 763', '-12.043670711194606, -77.03943503093788', '', 'LIMA', '', 1, '2023-08-06 22:25:48', 2),
(509, '0509', 'HUANCAVELICA 765', '-12.043787774661498, -77.03954398860932', '', 'LIMA', '', 1, '2023-08-06 22:25:48', 2),
(510, '0510', 'HUANCAVELICA 767', '-12.04395255370123, -77.03944228363454', '', 'LIMA', '', 1, '2023-08-06 22:25:48', 2),
(511, '0511', 'HUANCAVELICA 700', '-12.04428201448081, -77.03876433364657', '57517.86', 'LIMA', '', 1, '2023-08-06 22:25:48', 2),
(512, '0512', 'HUANCAVELICA 712', '-12.044182334210229, -77.03889442078405', '22412.58', 'LIMA', '', 1, '2023-08-06 22:25:48', 2),
(513, '0513', 'HUANCAVELICA 716-718', '-12.044114131898871, -77.03899500362157', '164697.77', 'LIMA', '', 1, '2023-08-06 22:25:48', 2),
(514, '0514', 'HUANCAVELICA 728', '-12.044066914904581, -77.0390546827698', '', 'LIMA', '', 1, '2023-08-06 22:25:48', 2),
(515, '0515', 'HUANCAVELICA 736-742', '-12.04403084636094, -77.03911369136881', '', 'LIMA', '', 1, '2023-08-06 22:25:48', 2),
(516, '0516', 'HUANCAVELICA 752', '-12.043989544860363, -77.03914989697202', '', 'LIMA', '', 1, '2023-08-06 22:25:48', 2),
(517, '0517', 'HUANCAVELICA 759', '', '', 'LIMA', '', 1, '2023-08-06 22:25:48', 2),
(518, '0518', 'HUANCAVELICA 757', '', '', 'LIMA', '', 1, '2023-08-06 22:25:48', 2),
(519, '0519', 'HUANCAVELICA 773', '', '', 'LIMA', '', 1, '2023-08-06 22:25:48', 2),
(520, '0520', 'HUANCAVELICA 779-01', '', '', 'LIMA', '', 1, '2023-08-06 22:25:48', 1),
(521, '0521', 'HUANCAVELICA 779-02', '-12.043881402237782, -77.03954849747927', '', 'LIMA', '', 1, '2023-08-06 22:25:48', 1),
(522, '0522', 'HUANCAVELICA 779-04', '-12.043881402237782, -77.03954849747927', '', 'LIMA', '', 1, '2023-08-06 22:25:48', 1),
(523, '0523', 'HUANCAVELICA 779-05', '-12.043881402237782, -77.03954849747927', '', 'LIMA', '', 1, '2023-08-06 22:25:48', 1),
(524, '0524', 'HUANCAVELICA 779-06', '-12.043881402237782, -77.03954849747927', '', 'LIMA', '', 1, '2023-08-06 22:25:48', 1),
(525, '0525', 'HUANCAVELICA 779-07', '-12.043881402237782, -77.03954849747927', '', 'LIMA', '', 1, '2023-08-06 22:25:48', 1),
(526, '0526', 'HUANCAVELICA 779-08', '-12.043881402237782, -77.03954849747927', '', 'LIMA', '', 1, '2023-08-06 22:25:48', 1),
(527, '0527', 'HUANCAVELICA 779-09', '-12.043881402237782, -77.03954849747927', '', 'LIMA', '', 1, '2023-08-06 22:25:48', 1),
(528, '0528', 'HUANCAVELICA 779-10', '-12.043881402237782, -77.03954849747927', '', 'LIMA', '', 1, '2023-08-06 22:25:48', 1),
(529, '0529', 'HUANCAVELICA 779-11', '-12.043881402237782, -77.03954849747927', '', 'LIMA', '', 1, '2023-08-06 22:25:48', 1),
(530, '0530', 'HUANCAVELICA 779-12', '-12.043881402237782, -77.03954849747927', '', 'LIMA', '', 1, '2023-08-06 22:25:48', 1),
(531, '0531', 'HUANCAVELICA 779-13', '-12.043881402237782, -77.03954849747927', '', 'LIMA', '', 1, '2023-08-06 22:25:48', 1),
(532, '0532', 'HUANCAVELICA 779-14', '-12.043881402237782, -77.03954849747927', '', 'LIMA', '', 1, '2023-08-06 22:25:48', 1),
(533, '0533', 'HUANCAVELICA 779-15', '-12.043881402237782, -77.03954849747927', '', 'LIMA', '', 1, '2023-08-06 22:25:48', 1),
(534, '0534', 'HUANCAVELICA 779-16', '-12.043881402237782, -77.03954849747927', '', 'LIMA', '', 1, '2023-08-06 22:25:48', 1),
(535, '0535', 'HUANCAVELICA 779-17', '-12.043881402237782, -77.03954849747927', '', 'LIMA', '', 1, '2023-08-06 22:25:48', 1),
(536, '0536', 'HUANCAVELICA 779-18', '-12.043881402237782, -77.03954849747927', '', 'LIMA', '', 1, '2023-08-06 22:25:48', 1),
(537, '0537', 'HUANCAVELICA 779-19', '-12.043881402237782, -77.03954849747927', '', 'LIMA', '', 1, '2023-08-06 22:25:48', 1),
(538, '0538', 'HUANCAVELICA 779-20', '-12.043881402237782, -77.03954849747927', '', 'LIMA', '', 1, '2023-08-06 22:25:48', 1),
(539, '0539', 'HUANCAVELICA 779-21', '-12.043881402237782, -77.03954849747927', '', 'LIMA', '', 1, '2023-08-06 22:25:48', 1),
(540, '0540', 'HUANCAVELICA 779-22', '-12.043881402237782, -77.03954849747927', '', 'LIMA', '', 1, '2023-08-06 22:25:48', 1),
(541, '0541', 'HUANCAVELICA 779-23', '-12.043881402237782, -77.03954849747927', '', 'LIMA', '', 1, '2023-08-06 22:25:48', 1),
(542, '0542', 'HUANCAVELICA 779-24', '-12.043881402237782, -77.03954849747927', '', 'LIMA', '', 1, '2023-08-06 22:25:48', 1),
(543, '0543', 'HUANCAVELICA 779-25', '-12.043881402237782, -77.03954849747927', '', 'LIMA', '', 1, '2023-08-06 22:25:48', 1),
(544, '0544', 'HUANCAVELICA 779-26', '-12.043881402237782, -77.03954849747927', '', 'LIMA', '', 1, '2023-08-06 22:25:48', 1),
(545, '0545', 'HUANCAVELICA 779-27', '-12.043881402237782, -77.03954849747927', '', 'LIMA', '', 1, '2023-08-06 22:25:48', 1),
(546, '0546', 'HUANCAVELICA 779-28', '-12.043881402237782, -77.03954849747927', '', 'LIMA', '', 1, '2023-08-06 22:25:48', 1),
(547, '0547', 'HUANCAVELICA 779-29', '-12.043881402237782, -77.03954849747927', '', 'LIMA', '', 1, '2023-08-06 22:25:48', 1),
(548, '0548', 'HUANCAVELICA 779-30', '-12.043881402237782, -77.03954849747927', '', 'LIMA', '', 1, '2023-08-06 22:25:48', 1),
(549, '0549', 'HUANCAVELICA 779-31', '-12.043881402237782, -77.03954849747927', '', 'LIMA', '', 1, '2023-08-06 22:25:48', 1),
(550, '0550', 'HUANCAVELICA 779-32', '-12.043881402237782, -77.03954849747927', '', 'LIMA', '', 1, '2023-08-06 22:25:48', 1),
(551, '0551', 'HUANCAVELICA 779-33', '-12.043881402237782, -77.03954849747927', '', 'LIMA', '', 1, '2023-08-06 22:25:48', 1),
(552, '0552', 'HUANCAVELICA 779-34', '-12.043881402237782, -77.03954849747927', '', 'LIMA', '', 1, '2023-08-06 22:25:48', 1),
(553, '0553', 'HUANCAVELICA 779-35', '-12.043881402237782, -77.03954849747927', '', 'LIMA', '', 1, '2023-08-06 22:25:48', 1),
(554, '0554', 'HUANCAVELICA 779-36', '-12.043881402237782, -77.03954849747927', '', 'LIMA', '', 1, '2023-08-06 22:25:48', 1),
(555, '0555', 'HUANCAVELICA 779-37', '-12.043881402237782, -77.03954849747927', '', 'LIMA', '', 1, '2023-08-06 22:25:48', 1),
(556, '0556', 'HUANCAVELICA 779-38', '-12.043881402237782, -77.03954849747927', '', 'LIMA', '', 1, '2023-08-06 22:25:48', 1),
(557, '0557', 'HUANCAVELICA 779-39', '-12.043881402237782, -77.03954849747927', '', 'LIMA', '', 1, '2023-08-06 22:25:48', 1),
(558, '0558', 'HUANCAVELICA 779-40', '-12.043881402237782, -77.03954849747927', '', 'LIMA', '', 1, '2023-08-06 22:25:48', 1),
(559, '0559', 'HUANCAVELICA 783', '-12.043842849348302, -77.03962891496293', '', 'LIMA', '', 1, '2023-08-06 22:25:48', 2),
(560, '0560', 'HUANCAVELICA 787', '-12.043820552412837, -77.03968390024698', '', 'LIMA', '', 1, '2023-08-06 22:25:48', 2),
(561, '0561', 'HUANCAVELICA 793', '', '', 'LIMA', '', 1, '2023-08-06 22:25:48', 2),
(562, '0562', 'HUANCAVELICA 797', '-12.043773991158073, -77.03973419166643', '', 'LIMA', '', 1, '2023-08-06 22:25:48', 1),
(563, '0563', 'HUANTA 122', '', '', 'LIMA', '', 1, '2023-08-06 22:25:48', 9),
(564, '0564', 'HUANUCO 1116', '', '', 'LIMA', '', 1, '2023-08-06 22:25:48', 1),
(565, '0565', 'HUANUCO 1120', '', '', 'LIMA', '', 1, '2023-08-06 22:25:48', 1),
(566, '0566', 'HUANUCO 1124', '', '', 'LIMA', '', 1, '2023-08-06 22:25:48', 1),
(567, '0567', 'HUANUCO 1128', '-12.058005191640632, -77.01733988330315', '', 'LIMA', '', 1, '2023-08-06 22:25:48', 1),
(568, '0568', 'HUANUCO 1132', '-12.058050438910351, -77.01732647225828', '', 'LIMA', '', 1, '2023-08-06 22:25:48', 1),
(569, '0569', 'HUANUCO 1136', '-12.058065804431344, -77.01731643599022', '', 'LIMA', '', 1, '2023-08-06 22:25:48', 1),
(570, '0570', 'HUANUCO 1140', '-12.05811957653629, -77.01731174212318', '', 'LIMA', '', 1, '2023-08-06 22:25:48', 1),
(571, '0571', 'HUANUCO 1144', '-12.058163512272314, -77.01729631942156', '', 'LIMA', '', 1, '2023-08-06 22:25:48', 1),
(572, '0572', 'HUANUCO 1148', '', '', 'LIMA', '', 1, '2023-08-06 22:25:48', 1),
(573, '0573', 'HUANUCO 1156', '', '', 'LIMA', '', 1, '2023-08-06 22:25:48', 1),
(574, '0574', 'HUANUCO 1156', '', '', 'LIMA', '', 1, '2023-08-06 22:25:48', 2),
(575, '0575', 'LAMPA 825-833', '-12.051645131148906, -77.03224288308945', '', 'LIMA', '', 1, '2023-08-06 22:25:48', 9),
(576, '0576', 'LA MAR 120', '', '', 'LIMA', '', 1, '2023-08-06 22:25:48', 2),
(577, '0577', 'LA MAR 120-A', '', '', 'LIMA', '', 1, '2023-08-06 22:25:48', 1),
(578, '0578', 'LA MAR 120-B', '', '', 'LIMA', '', 1, '2023-08-06 22:25:48', 1),
(579, '0579', 'LA MAR 121', '', '', 'LIMA', '', 1, '2023-08-06 22:25:48', 1),
(580, '0580', 'LA MAR 130', '', '', 'LIMA', '', 1, '2023-08-06 22:25:48', 1),
(581, '0581', 'LA MAR 130-03', '', '', 'LIMA', '', 1, '2023-08-06 22:25:48', 1),
(582, '0582', 'LA MAR 140-01', '', '', 'LIMA', '', 1, '2023-08-06 22:25:48', 1),
(583, '0583', 'LA MAR 140-01-A', '', '', 'LIMA', '', 1, '2023-08-06 22:25:48', 1),
(584, '0584', 'LA MAR 140-02', '', '', 'LIMA', '', 1, '2023-08-06 22:25:48', 1),
(585, '0585', 'LA MAR 140-03', '', '', 'LIMA', '', 1, '2023-08-06 22:25:48', 1),
(586, '0586', 'LA MAR 140-04', '', '', 'LIMA', '', 1, '2023-08-06 22:25:48', 1),
(587, '0587', 'LA MAR 140-05', '', '', 'LIMA', '', 1, '2023-08-06 22:25:48', 1),
(588, '0588', 'LA MAR 140-06', '', '', 'LIMA', '', 1, '2023-08-06 22:25:48', 1),
(589, '0589', 'LA MAR 141-01', '', '', 'LIMA', '', 1, '2023-08-06 22:25:48', 1),
(590, '0590', 'LA MAR 141-02', '', '', 'LIMA', '', 1, '2023-08-06 22:25:48', 1),
(591, '0591', 'LA MAR 141-03', '', '', 'LIMA', '', 1, '2023-08-06 22:25:48', 1),
(592, '0592', 'LA MAR 141-04', '', '', 'LIMA', '', 1, '2023-08-06 22:25:48', 1),
(593, '0593', 'LA MAR 141-04-A', '', '', 'LIMA', '', 1, '2023-08-06 22:25:48', 1),
(594, '0594', 'LA MAR 141-05', '', '', 'LIMA', '', 1, '2023-08-06 22:25:48', 1),
(595, '0595', 'LA MAR 141-06', '', '', 'LIMA', '', 1, '2023-08-06 22:25:48', 1),
(596, '0596', 'LA MAR 141-07', '', '', 'LIMA', '', 1, '2023-08-06 22:25:48', 1),
(597, '0597', 'LA MAR 141-08', '', '', 'LIMA', '', 1, '2023-08-06 22:25:48', 1),
(598, '0598', 'LA MAR 141-09', '', '', 'LIMA', '', 1, '2023-08-06 22:25:48', 1),
(599, '0599', 'LA MAR 141-10', '', '', 'LIMA', '', 1, '2023-08-06 22:25:48', 1),
(600, '0600', 'LA MAR 141-11', '', '', 'LIMA', '', 1, '2023-08-06 22:25:48', 1),
(601, '0601', 'LA MAR 141-12', '', '', 'LIMA', '', 1, '2023-08-06 22:25:48', 1),
(602, '0602', 'LA MAR 141-13', '', '', 'LIMA', '', 1, '2023-08-06 22:25:48', 1),
(603, '0603', 'LA MAR 143', '', '', 'LIMA', '', 1, '2023-08-06 22:25:48', 1),
(604, '0604', 'LUCANAS 120-01', '-12.058264832950892, -77.01945103762013', '', 'LIMA', '', 1, '2023-08-06 22:25:48', 1),
(605, '0605', 'LUCANAS 120-02', '-12.058264832950892, -77.01945103762013', '', 'LIMA', '', 1, '2023-08-06 22:25:48', 1),
(606, '0606', 'LUCANAS 120-03', '-12.058264832950892, -77.01945103762013', '', 'LIMA', '', 1, '2023-08-06 22:25:48', 1),
(607, '0607', 'LUCANAS 120-04', '-12.058264832950892, -77.01945103762013', '', 'LIMA', '', 1, '2023-08-06 22:25:48', 1),
(608, '0608', 'LUCANAS 120-05', '-12.058264832950892, -77.01945103762013', '', 'LIMA', '', 1, '2023-08-06 22:25:48', 1),
(609, '0609', 'LUCANAS 120-06', '-12.058264832950892, -77.01945103762013', '', 'LIMA', '', 1, '2023-08-06 22:25:48', 1),
(610, '0610', 'LUCANAS 120-07', '-12.058264832950892, -77.01945103762013', '', 'LIMA', '', 1, '2023-08-06 22:25:48', 1),
(611, '0611', 'LUCANAS 120-08', '-12.058264832950892, -77.01945103762013', '', 'LIMA', '', 1, '2023-08-06 22:25:48', 1),
(612, '0612', 'LUCANAS 120-09', '-12.058264832950892, -77.01945103762013', '', 'LIMA', '', 1, '2023-08-06 22:25:48', 1),
(613, '0613', 'LUCANAS 120-10', '-12.058264832950892, -77.01945103762013', '', 'LIMA', '', 1, '2023-08-06 22:25:48', 1),
(614, '0614', 'LUCANAS 130-01', '-12.058445577968586, -77.01942250375372', '', 'LIMA', '', 1, '2023-08-06 22:25:48', 1),
(615, '0615', 'LUCANAS 130-02', '-12.058445577968586, -77.01942250375372', '', 'LIMA', '', 1, '2023-08-06 22:25:48', 1),
(616, '0616', 'LUCANAS 130-03', '-12.058445577968586, -77.01942250375372', '', 'LIMA', '', 1, '2023-08-06 22:25:48', 1),
(617, '0617', 'LUCANAS 130-04', '-12.058445577968586, -77.01942250375372', '', 'LIMA', '', 1, '2023-08-06 22:25:48', 1),
(618, '0618', 'LUCANAS 130-05-A', '-12.058445577968586, -77.01942250375372', '', 'LIMA', '', 1, '2023-08-06 22:25:48', 1),
(619, '0619', 'LUCANAS 130-05-B', '-12.058445577968586, -77.01942250375372', '', 'LIMA', '', 1, '2023-08-06 22:25:48', 1),
(620, '0620', 'LUCANAS 130-05-C', '-12.058445577968586, -77.01942250375372', '', 'LIMA', '', 1, '2023-08-06 22:25:48', 1),
(621, '0621', 'LUCANAS 130-05-D', '-12.058445577968586, -77.01942250375372', '', 'LIMA', '', 1, '2023-08-06 22:25:48', 1),
(622, '0622', 'LUCANAS 130-05-E', '-12.058445577968586, -77.01942250375372', '', 'LIMA', '', 1, '2023-08-06 22:25:48', 1),
(623, '0623', 'LUCANAS 130-05-F', '-12.058445577968586, -77.01942250375372', '', 'LIMA', '', 1, '2023-08-06 22:25:48', 1),
(624, '0624', 'LUCANAS 130-05-G', '-12.058445577968586, -77.01942250375372', '', 'LIMA', '', 1, '2023-08-06 22:25:48', 1),
(625, '0625', 'LUCANAS 130-06', '-12.058445577968586, -77.01942250375372', '', 'LIMA', '', 1, '2023-08-06 22:25:48', 1),
(626, '0626', 'LUCANAS 130-07', '-12.058445577968586, -77.01942250375372', '', 'LIMA', '', 1, '2023-08-06 22:25:48', 1),
(627, '0627', 'LUCANAS 130-08', '-12.058445577968586, -77.01942250375372', '', 'LIMA', '', 1, '2023-08-06 22:25:48', 1),
(628, '0628', 'LUCANAS 150-01', '-12.05864600252605, -77.01942468729503', '', 'LIMA', '', 1, '2023-08-06 22:25:48', 1),
(629, '0629', 'LUCANAS 150-02', '-12.05864600252605, -77.01942468729503', '', 'LIMA', '', 1, '2023-08-06 22:25:48', 1),
(630, '0630', 'LUCANAS 150-03', '-12.05864600252605, -77.01942468729503', '', 'LIMA', '', 1, '2023-08-06 22:25:48', 1),
(631, '0631', 'LUCANAS 150-04', '-12.05864600252605, -77.01942468729503', '', 'LIMA', '', 1, '2023-08-06 22:25:48', 1),
(632, '0632', 'LUCANAS 150-05', '-12.05864600252605, -77.01942468729503', '', 'LIMA', '', 1, '2023-08-06 22:25:48', 1),
(633, '0633', 'LUCANAS 150-A', '-12.05864600252605, -77.01942468729503', '', 'LIMA', '', 1, '2023-08-06 22:25:48', 1),
(634, '0634', 'LUCANAS 169', '-12.058397657317906, -77.0191525290882', '', 'LIMA', '', 1, '2023-08-06 22:25:48', 1),
(635, '0635', 'LUCANAS 169 A', '-12.058486894155832, -77.0192504732665', '', 'LIMA', '', 1, '2023-08-06 22:25:48', 1),
(636, '0636', 'MESA REDONDA 900', '-12.052913506696298, -77.02714654628042', '', 'LIMA', '', 1, '2023-08-06 22:25:48', 2),
(637, '0637', 'MESA REDONDA 910 INT.1', '-12.052985959490359, -77.02704758411222', '', 'LIMA', '', 1, '2023-08-06 22:25:48', 2),
(638, '0638', 'MESA REDONDA 910 INT.2', '-12.052985959490359, -77.02704758411222', '', 'LIMA', '', 1, '2023-08-06 22:25:48', 2),
(639, '0639', 'MESA REDONDA 910 INT.3', '-12.052985959490359, -77.02704758411222', '', 'LIMA', '', 1, '2023-08-06 22:25:48', 2),
(640, '0640', 'MESA REDONDA 910 INT.4', '-12.052985959490359, -77.02704758411222', '', 'LIMA', '', 1, '2023-08-06 22:25:48', 2),
(641, '0641', 'MESA REDONDA 910 INT.5', '-12.052985959490359, -77.02704758411222', '', 'LIMA', '', 1, '2023-08-06 22:25:48', 2),
(642, '0642', 'MESA REDONDA 910 INT.6', '-12.052985959490359, -77.02704758411222', '', 'LIMA', '', 1, '2023-08-06 22:25:48', 2),
(643, '0643', 'MESA REDONDA 910 INT.7', '-12.052985959490359, -77.02704758411222', '', 'LIMA', '', 1, '2023-08-06 22:25:48', 2),
(644, '0644', 'MESA REDONDA 910 INT.8', '-12.052985959490359, -77.02704758411222', '', 'LIMA', '', 1, '2023-08-06 22:25:48', 2),
(645, '0645', 'MESA REDONDA 910 INT.9', '-12.052985959490359, -77.02704758411222', '', 'LIMA', '', 1, '2023-08-06 22:25:48', 2),
(646, '0646', 'MESA REDONDA 910 INT.10', '-12.052985959490359, -77.02704758411222', '', 'LIMA', '', 1, '2023-08-06 22:25:48', 2),
(647, '0647', 'MESA REDONDA 916', '', '', 'LIMA', '', 1, '2023-08-06 22:25:48', 2),
(648, '0648', 'MESA REDONDA 922 INT.1', '-12.05308465249127, -77.0270731755066', '', 'LIMA', '', 1, '2023-08-06 22:25:48', 2),
(649, '0649', 'MESA REDONDA 922 INT.2', '-12.05308465249127, -77.0270731755066', '', 'LIMA', '', 1, '2023-08-06 22:25:48', 2),
(650, '0650', 'MESA REDONDA 922 INT.3', '-12.05308465249127, -77.0270731755066', '', 'LIMA', '', 1, '2023-08-06 22:25:48', 2),
(651, '0651', 'MESA REDONDA 922 INT.4', '-12.05308465249127, -77.0270731755066', '', 'LIMA', '', 1, '2023-08-06 22:25:48', 2),
(652, '0652', 'MESA REDONDA 922 INT.5', '-12.05308465249127, -77.0270731755066', '', 'LIMA', '', 1, '2023-08-06 22:25:48', 2),
(653, '0653', 'MESA REDONDA 928', '', '', 'LIMA', '', 1, '2023-08-06 22:25:48', 2),
(654, '0654', 'MESA REDONDA 934', '', '', 'LIMA', '', 1, '2023-08-06 22:25:48', 2),
(655, '0655', 'MESA REDONDA 940', '', '', 'LIMA', '', 1, '2023-08-06 22:25:48', 2),
(656, '0656', 'MESA REDONDA 946', '', '', 'LIMA', '', 1, '2023-08-06 22:25:48', 2),
(657, '0657', 'MESA REDONDA 952-956 INT.1', '-12.053290053459877, -77.02712494813078', '', 'LIMA', '', 1, '2023-08-06 22:25:48', 2),
(658, '0658', 'MESA REDONDA 952-956 INT.2', '-12.053290053459877, -77.02712494813078', '', 'LIMA', '', 1, '2023-08-06 22:25:48', 2),
(659, '0659', 'MESA REDONDA 952-956 INT.3', '-12.053290053459877, -77.02712494813078', '', 'LIMA', '', 1, '2023-08-06 22:25:48', 2),
(660, '0660', 'MESA REDONDA 952-956 INT.4', '-12.053290053459877, -77.02712494813078', '', 'LIMA', '', 1, '2023-08-06 22:25:48', 2),
(661, '0661', 'MESA REDONDA 952-956 INT.5', '-12.053290053459877, -77.02712494813078', '', 'LIMA', '', 1, '2023-08-06 22:25:48', 2),
(662, '0662', 'MESA REDONDA 952-956 INT.6', '-12.053290053459877, -77.02712494813078', '', 'LIMA', '', 1, '2023-08-06 22:25:48', 2),
(663, '0663', 'MESA REDONDA 952-956 INT.7', '-12.053290053459877, -77.02712494813078', '', 'LIMA', '', 1, '2023-08-06 22:25:48', 2),
(664, '0664', 'MESA REDONDA 952-956 INT.8A', '-12.053290053459877, -77.02712494813078', '', 'LIMA', '', 1, '2023-08-06 22:25:48', 2),
(665, '0665', 'MESA REDONDA 952-956 INT.8B', '-12.053290053459877, -77.02712494813078', '', 'LIMA', '', 1, '2023-08-06 22:25:48', 2),
(666, '0666', 'MESA REDONDA 952-956 INT.9', '-12.053290053459877, -77.02712494813078', '', 'LIMA', '', 1, '2023-08-06 22:25:48', 2),
(667, '0667', 'MESA REDONDA 952-956 INT.10', '-12.053290053459877, -77.02712494813078', '', 'LIMA', '', 1, '2023-08-06 22:25:48', 2),
(668, '0668', 'MESA REDONDA 952-956 INT.11 A', '-12.053290053459877, -77.02712494813078', '', 'LIMA', '', 1, '2023-08-06 22:25:48', 2),
(669, '0669', 'MESA REDONDA 952-956 INT.11 B', '-12.053290053459877, -77.02712494813078', '', 'LIMA', '', 1, '2023-08-06 22:25:48', 2),
(670, '0670', 'MESA REDONDA 952-956 INT.12', '-12.053290053459877, -77.02712494813078', '', 'LIMA', '', 1, '2023-08-06 22:25:48', 2),
(671, '0671', 'MESA REDONDA 952-956 INT.13', '-12.053290053459877, -77.02712494813078', '', 'LIMA', '', 1, '2023-08-06 22:25:48', 2),
(672, '0672', 'MESA REDONDA 952-956 INT.14 A', '-12.053290053459877, -77.02712494813078', '', 'LIMA', '', 1, '2023-08-06 22:25:48', 2),
(673, '0673', 'MESA REDONDA 952-956 INT.14 B', '-12.053290053459877, -77.02712494813078', '', 'LIMA', '', 1, '2023-08-06 22:25:48', 2),
(674, '0674', 'MESA REDONDA 952-956 INT.15', '-12.053290053459877, -77.02712494813078', '', 'LIMA', '', 1, '2023-08-06 22:25:48', 2),
(675, '0675', 'MESA REDONDA 952-956 INT.16', '-12.053290053459877, -77.02712494813078', '', 'LIMA', '', 1, '2023-08-06 22:25:48', 2),
(676, '0676', 'MESA REDONDA 952-956 INT.17A', '-12.053290053459877, -77.02712494813078', '', 'LIMA', '', 1, '2023-08-06 22:25:48', 2),
(677, '0677', 'MESA REDONDA 952-956 INT.17B', '-12.053290053459877, -77.02712494813078', '', 'LIMA', '', 1, '2023-08-06 22:25:48', 2),
(678, '0678', 'MESA REDONDA 952-956 INT.17C', '-12.053290053459877, -77.02712494813078', '', 'LIMA', '', 1, '2023-08-06 22:25:48', 2),
(679, '0679', 'MESA REDONDA 952-956 INT.18', '-12.053290053459877, -77.02712494813078', '', 'LIMA', '', 1, '2023-08-06 22:25:48', 2),
(680, '0680', 'MESA REDONDA 952-956 INT.19', '-12.053290053459877, -77.02712494813078', '', 'LIMA', '', 1, '2023-08-06 22:25:48', 2),
(681, '0681', 'MESA REDONDA 952-956 INT.20', '-12.053290053459877, -77.02712494813078', '', 'LIMA', '', 1, '2023-08-06 22:25:48', 2),
(682, '0682', 'MESA REDONDA 952-956 INT.21', '-12.053290053459877, -77.02712494813078', '', 'LIMA', '', 1, '2023-08-06 22:25:48', 2),
(683, '0683', 'MESA REDONDA 952-956 INT.22', '-12.053290053459877, -77.02712494813078', '', 'LIMA', '', 1, '2023-08-06 22:25:48', 2),
(684, '0684', 'MESA REDONDA 952-956 INT.23', '-12.053290053459877, -77.02712494813078', '', 'LIMA', '', 1, '2023-08-06 22:25:48', 2),
(685, '0685', 'MESA REDONDA 952-956 INT.24', '-12.053290053459877, -77.02712494813078', '', 'LIMA', '', 1, '2023-08-06 22:25:48', 2),
(686, '0686', 'MESA REDONDA 952-956 INT.25', '-12.053290053459877, -77.02712494813078', '', 'LIMA', '', 1, '2023-08-06 22:25:48', 2),
(687, '0687', 'MESA REDONDA 952-956 INT.26', '-12.053290053459877, -77.02712494813078', '', 'LIMA', '', 1, '2023-08-06 22:25:48', 2),
(688, '0688', 'MESA REDONDA 952-956 INT.27', '-12.053290053459877, -77.02712494813078', '', 'LIMA', '', 1, '2023-08-06 22:25:48', 2),
(689, '0689', 'MESA REDONDA 952-956 INT.28', '-12.053290053459877, -77.02712494813078', '', 'LIMA', '', 1, '2023-08-06 22:25:48', 2),
(690, '0690', 'MESA REDONDA 952-956 INT.29', '-12.053290053459877, -77.02712494813078', '', 'LIMA', '', 1, '2023-08-06 22:25:48', 2),
(691, '0691', 'MESA REDONDA 952-956 INT.30', '-12.053290053459877, -77.02712494813078', '', 'LIMA', '', 1, '2023-08-06 22:25:48', 2),
(692, '0692', 'MESA REDONDA 952-956 INT.31', '-12.053290053459877, -77.02712494813078', '', 'LIMA', '', 1, '2023-08-06 22:25:48', 2),
(693, '0693', 'MESA REDONDA 952-956 INT.32', '-12.053290053459877, -77.02712494813078', '', 'LIMA', '', 1, '2023-08-06 22:25:48', 2),
(694, '0694', 'MESA REDONDA 952-956 INT.33', '-12.053290053459877, -77.02712494813078', '', 'LIMA', '', 1, '2023-08-06 22:25:48', 2),
(695, '0695', 'MESA REDONDA 952-956 INT.34', '-12.053290053459877, -77.02712494813078', '', 'LIMA', '', 1, '2023-08-06 22:25:48', 2),
(696, '0696', 'MESA REDONDA 952-956 INT.35', '-12.053290053459877, -77.02712494813078', '', 'LIMA', '', 1, '2023-08-06 22:25:48', 2),
(697, '0697', 'MESA REDONDA 952-956 INT.36', '-12.053290053459877, -77.02712494813078', '', 'LIMA', '', 1, '2023-08-06 22:25:48', 2),
(698, '0698', 'MESA REDONDA 952-956 INT.37', '-12.053290053459877, -77.02712494813078', '', 'LIMA', '', 1, '2023-08-06 22:25:48', 2),
(699, '0699', 'MESA REDONDA 952-956 INT.38', '-12.053290053459877, -77.02712494813078', '', 'LIMA', '', 1, '2023-08-06 22:25:48', 2),
(700, '0700', 'MESA REDONDA 952-956 INT.39', '-12.053290053459877, -77.02712494813078', '', 'LIMA', '', 1, '2023-08-06 22:25:48', 2),
(701, '0701', 'MESA REDONDA 952-956 INT.40', '-12.053290053459877, -77.02712494813078', '', 'LIMA', '', 1, '2023-08-06 22:25:48', 2),
(702, '0702', 'MESA REDONDA 952-956 INT.41', '-12.053290053459877, -77.02712494813078', '', 'LIMA', '', 1, '2023-08-06 22:25:48', 2),
(703, '0703', 'MESA REDONDA 952-956 INT.42A', '-12.053290053459877, -77.02712494813078', '', 'LIMA', '', 1, '2023-08-06 22:25:48', 2),
(704, '0704', 'MESA REDONDA 952-956 INT.42B', '-12.053290053459877, -77.02712494813078', '', 'LIMA', '', 1, '2023-08-06 22:25:48', 2),
(705, '0705', 'MESA REDONDA 952-956 INT.43', '-12.053290053459877, -77.02712494813078', '', 'LIMA', '', 1, '2023-08-06 22:25:48', 2),
(706, '0706', 'MESA REDONDA 952-956 INT.44', '-12.053290053459877, -77.02712494813078', '', 'LIMA', '', 1, '2023-08-06 22:25:48', 2),
(707, '0707', 'MESA REDONDA 952-956 INT.45', '-12.053290053459877, -77.02712494813078', '', 'LIMA', '', 1, '2023-08-06 22:25:48', 2),
(708, '0708', 'MESA REDONDA 952-956 INT.46', '-12.053290053459877, -77.02712494813078', '', 'LIMA', '', 1, '2023-08-06 22:25:48', 2),
(709, '0709', 'MESA REDONDA 952-956 INT.47', '-12.053290053459877, -77.02712494813078', '', 'LIMA', '', 1, '2023-08-06 22:25:48', 2),
(710, '0710', 'MESA REDONDA 952-956 INT.48', '-12.053290053459877, -77.02712494813078', '', 'LIMA', '', 1, '2023-08-06 22:25:48', 2),
(711, '0711', 'MESA REDONDA 952-956 INT.49', '-12.053290053459877, -77.02712494813078', '', 'LIMA', '', 1, '2023-08-06 22:25:48', 2),
(712, '0712', 'MESA REDONDA 952-956 INT.50', '-12.053290053459877, -77.02712494813078', '', 'LIMA', '', 1, '2023-08-06 22:25:48', 2),
(713, '0713', 'MESA REDONDA 952-956 INT.51', '-12.053290053459877, -77.02712494813078', '', 'LIMA', '', 1, '2023-08-06 22:25:48', 2),
(714, '0714', 'MESA REDONDA 952-956 INT.52', '-12.053290053459877, -77.02712494813078', '', 'LIMA', '', 1, '2023-08-06 22:25:48', 2),
(715, '0715', 'MESA REDONDA 952-956 INT.53', '-12.053290053459877, -77.02712494813078', '', 'LIMA', '', 1, '2023-08-06 22:25:48', 2),
(716, '0716', 'MESA REDONDA 952-956 INT.54', '-12.053290053459877, -77.02712494813078', '', 'LIMA', '', 1, '2023-08-06 22:25:48', 2),
(717, '0717', 'MESA REDONDA 952-956 INT.55', '-12.053290053459877, -77.02712494813078', '', 'LIMA', '', 1, '2023-08-06 22:25:48', 2),
(718, '0718', 'MESA REDONDA 952-956 INT.56', '-12.053290053459877, -77.02712494813078', '', 'LIMA', '', 1, '2023-08-06 22:25:48', 2),
(719, '0719', 'MESA REDONDA 960', '', '', 'LIMA', '', 1, '2023-08-06 22:25:48', 2),
(720, '0720', 'MESA REDONDA 964 INT. DEP-1 PISO 3', '-12.053473338476772, -77.02718053185825', '', 'LIMA', '', 1, '2023-08-06 22:25:48', 2),
(721, '0721', 'MESA REDONDA 964 INT. DEP-2 PISO 3', '-12.053473338476772, -77.02718053185825', '', 'LIMA', '', 1, '2023-08-06 22:25:48', 2),
(722, '0722', 'MESA REDONDA 964 INT. DEP-3 PISO 3', '-12.053473338476772, -77.02718053185825', '', 'LIMA', '', 1, '2023-08-06 22:25:48', 2),
(723, '0723', 'MESA REDONDA 964 INT. DEP-4 PISO 3', '-12.053473338476772, -77.02718053185825', '', 'LIMA', '', 1, '2023-08-06 22:25:48', 2),
(724, '0724', 'MESA REDONDA 964 INT. DEP-5 PISO 3', '-12.053473338476772, -77.02718053185825', '', 'LIMA', '', 1, '2023-08-06 22:25:48', 2),
(725, '0725', 'MESA REDONDA 964 INT. DEP-6 PISO 3', '-12.053473338476772, -77.02718053185825', '', 'LIMA', '', 1, '2023-08-06 22:25:48', 2),
(726, '0726', 'MESA REDONDA 964 INT. DEP-7 PISO 3', '-12.053473338476772, -77.02718053185825', '', 'LIMA', '', 1, '2023-08-06 22:25:48', 2),
(727, '0727', 'MESA REDONDA 964 INT. DEP-8 PISO 3', '-12.053473338476772, -77.02718053185825', '', 'LIMA', '', 1, '2023-08-06 22:25:48', 2),
(728, '0728', 'MESA REDONDA 964 INT. DEP-9 PISO 3', '-12.053473338476772, -77.02718053185825', '', 'LIMA', '', 1, '2023-08-06 22:25:48', 2),
(729, '0729', 'MESA REDONDA 964  PISO 2', '-12.053473338476772, -77.02718053185825', '', 'LIMA', '', 1, '2023-08-06 22:25:48', 2),
(730, '0730', 'MESA REDONDA 970', '', '', 'LIMA', '', 1, '2023-08-06 22:25:48', 2),
(731, '0731', 'MESA REDONDA 976', '', '', 'LIMA', '', 1, '2023-08-06 22:25:48', 2),
(732, '0732', 'MIROQUESADA 756', '', '54999.59', 'LIMA', '', 1, '2023-08-06 22:25:48', 2),
(733, '0733', 'MIROQUESADA 758', '', '27026.34', 'LIMA', '', 1, '2023-08-06 22:25:48', 2),
(734, '0734', 'MIROQUESADA 760', '', '54999.59', 'LIMA', '', 1, '2023-08-06 22:25:48', 2),
(735, '0735', 'MIROQUESADA 762', '', '27026.34', 'LIMA', '', 1, '2023-08-06 22:25:48', 2),
(736, '0736', 'MIROQUESADA 764', '', '25250.71', 'LIMA', '', 1, '2023-08-06 22:25:48', 2),
(737, '0737', 'MIROQUESADA 766', '', '77179.81', 'LIMA', '', 1, '2023-08-06 22:25:48', 2),
(738, '0738', 'MIROQUESADA 768', '', '24030.21', 'LIMA', '', 1, '2023-08-06 22:25:48', 2),
(739, '0739', 'MIROQUESADA 770', '', '41658.2', 'LIMA', '', 1, '2023-08-06 22:25:48', 2),
(740, '0740', 'MIROQUESADA 772', '', '88267.08', 'LIMA', '', 1, '2023-08-06 22:25:48', 2),
(741, '0741', 'MIROQUESADA 774', '', '33107.31', 'LIMA', '', 1, '2023-08-06 22:25:48', 2),
(742, '0742', 'MIROQUESADA 776', '', '80792.85', 'LIMA', '', 1, '2023-08-06 22:25:48', 2),
(743, '0743', 'MIROQUESADA 778 INT.2', '', '9463.08', 'LIMA', '', 1, '2023-08-06 22:25:48', 2),
(744, '0744', 'MIROQUESADA 778 INT.3 - 31', '', '19419.08', 'LIMA', '', 1, '2023-08-06 22:25:48', 2),
(745, '0745', 'MIROQUESADA 778 INT.3B', '', '3883.82', 'LIMA', '', 1, '2023-08-06 22:25:48', 2),
(746, '0746', 'MIROQUESADA 778 INT.4', '', '9709.54', 'LIMA', '', 1, '2023-08-06 22:25:48', 2),
(747, '0747', 'MIROQUESADA 778 INT.5', '', '7282.16', 'LIMA', '', 1, '2023-08-06 22:25:48', 2),
(748, '0748', 'MIROQUESADA 778', '', '5677.85', 'LIMA', '', 1, '2023-08-06 22:25:48', 2),
(749, '0749', 'MIROQUESADA 782-786', '', '103452.82', 'LIMA', '', 1, '2023-08-06 22:25:48', 2),
(750, '0750', 'MIROQUESADA 784', '', '49042.61', 'LIMA', '', 1, '2023-08-06 22:25:48', 2),
(751, '0751', 'MIROQUESADA 788', '', '5712.35', 'LIMA', '', 1, '2023-08-06 22:25:48', 2),
(752, '0752', 'NICOLAS DE PIEROLA 1222', '-12.05432545838774, -77.03238681383117', '', 'LIMA', '', 1, '2023-08-06 22:25:48', 9),
(753, '0753', 'PARINACOCHAS 129', '-12.057932061884783, -77.01839437070583', '', 'LIMA', '', 1, '2023-08-06 22:25:48', 2),
(754, '0754', 'PARINACOCHAS 131', '-12.058168408392657, -77.0183473543521', '', 'LIMA', '', 1, '2023-08-06 22:25:48', 2),
(755, '0755', 'PARINACOCHAS 143', '-12.058250020575787, -77.01835540210107', '', 'LIMA', '', 1, '2023-08-06 22:25:48', 1),
(756, '0756', 'PARINACOCHAS 145', '-12.058395596393407, -77.01835427437109', '', 'LIMA', '', 1, '2023-08-06 22:25:48', 2),
(757, '0757', 'PARINACOCHAS 150-01', '-12.058563972075044, -77.01844272371797', '', 'LIMA', '', 1, '2023-08-06 22:25:48', 1),
(758, '0758', 'PARINACOCHAS 150-02', '-12.058563972075044, -77.01844272371797', '', 'LIMA', '', 1, '2023-08-06 22:25:48', 1),
(759, '0759', 'PARINACOCHAS 150-03', '-12.058563972075044, -77.01844272371797', '', 'LIMA', '', 1, '2023-08-06 22:25:48', 1),
(760, '0760', 'PARINACOCHAS 150-04', '-12.058563972075044, -77.01844272371797', '', 'LIMA', '', 1, '2023-08-06 22:25:48', 1),
(761, '0761', 'PARINACOCHAS 150-05', '-12.058563972075044, -77.01844272371797', '', 'LIMA', '', 1, '2023-08-06 22:25:48', 1),
(762, '0762', 'PARINACOCHAS 150-06', '-12.058563972075044, -77.01844272371797', '', 'LIMA', '', 1, '2023-08-06 22:25:48', 1),
(763, '0763', 'PARINACOCHAS 150-18', '-12.058563972075044, -77.01844272371797', '', 'LIMA', '', 1, '2023-08-06 22:25:48', 1),
(764, '0764', 'PARINACOCHAS 150-07', '-12.058563972075044, -77.01844272371797', '', 'LIMA', '', 1, '2023-08-06 22:25:48', 1),
(765, '0765', 'PARINACOCHAS 150-11', '-12.058563972075044, -77.01844272371797', '', 'LIMA', '', 1, '2023-08-06 22:25:48', 1),
(766, '0766', 'PARINACOCHAS 150-12', '-12.058563972075044, -77.01844272371797', '', 'LIMA', '', 1, '2023-08-06 22:25:48', 1),
(767, '0767', 'PARINACOCHAS 150-08', '-12.058563972075044, -77.01844272371797', '', 'LIMA', '', 1, '2023-08-06 22:25:48', 1),
(768, '0768', 'PARINACOCHAS 150-09', '-12.058563972075044, -77.01844272371797', '', 'LIMA', '', 1, '2023-08-06 22:25:48', 1),
(769, '0769', 'PARINACOCHAS 150-10', '-12.058563972075044, -77.01844272371797', '', 'LIMA', '', 1, '2023-08-06 22:25:48', 1),
(770, '0770', 'PARINACOCHAS 150-13', '-12.058563972075044, -77.01844272371797', '', 'LIMA', '', 1, '2023-08-06 22:25:48', 1),
(771, '0771', 'PARINACOCHAS 150-14', '-12.058563972075044, -77.01844272371797', '', 'LIMA', '', 1, '2023-08-06 22:25:48', 1),
(772, '0772', 'PARINACOCHAS 150-16', '-12.058563972075044, -77.01844272371797', '', 'LIMA', '', 1, '2023-08-06 22:25:48', 1),
(773, '0773', 'PARINACOCHAS 150-17', '-12.058563972075044, -77.01844272371797', '', 'LIMA', '', 1, '2023-08-06 22:25:48', 1),
(774, '0774', 'PARINACOCHAS 150-19', '-12.058563972075044, -77.01844272371797', '', 'LIMA', '', 1, '2023-08-06 22:25:48', 1),
(775, '0775', 'PARINACOCHAS 150-20', '-12.058563972075044, -77.01844272371797', '', 'LIMA', '', 1, '2023-08-06 22:25:48', 1),
(776, '0776', 'PARINACOCHAS 150-21', '-12.058563972075044, -77.01844272371797', '', 'LIMA', '', 1, '2023-08-06 22:25:48', 1),
(777, '0777', 'PARINACOCHAS 150-22', '-12.058563972075044, -77.01844272371797', '', 'LIMA', '', 1, '2023-08-06 22:25:48', 1),
(778, '0778', 'PARINACOCHAS 150-23', '-12.058563972075044, -77.01844272371797', '', 'LIMA', '', 1, '2023-08-06 22:25:48', 1),
(779, '0779', 'PARINACOCHAS 150-24', '-12.058563972075044, -77.01844272371797', '', 'LIMA', '', 1, '2023-08-06 22:25:48', 1),
(780, '0780', 'PARINACOCHAS 155-01', '-12.058494492761008, -77.01835024986701', '', 'LIMA', '', 1, '2023-08-06 22:25:48', 1),
(781, '0781', 'PARINACOCHAS 155-02', '-12.058494492761008, -77.01835024986701', '', 'LIMA', '', 1, '2023-08-06 22:25:48', 1),
(782, '0782', 'PARINACOCHAS 155-03', '-12.058494492761008, -77.01835024986701', '', 'LIMA', '', 1, '2023-08-06 22:25:48', 1),
(783, '0783', 'PARINACOCHAS 155-04', '-12.058494492761008, -77.01835024986701', '', 'LIMA', '', 1, '2023-08-06 22:25:48', 1),
(784, '0784', 'PARINACOCHAS 155-05', '-12.058494492761008, -77.01835024986701', '', 'LIMA', '', 1, '2023-08-06 22:25:48', 1),
(785, '0785', 'PARINACOCHAS 155-06', '-12.058494492761008, -77.01835024986701', '', 'LIMA', '', 1, '2023-08-06 22:25:48', 1),
(786, '0786', 'PARINACOCHAS 155-07', '-12.058494492761008, -77.01835024986701', '', 'LIMA', '', 1, '2023-08-06 22:25:48', 1),
(787, '0787', 'PARINACOCHAS 155-08', '-12.058494492761008, -77.01835024986701', '', 'LIMA', '', 1, '2023-08-06 22:25:48', 1),
(788, '0788', 'PARINACOCHAS 155-09', '-12.058494492761008, -77.01835024986701', '', 'LIMA', '', 1, '2023-08-06 22:25:48', 1),
(789, '0789', 'PARINACOCHAS 155-10', '-12.058494492761008, -77.01835024986701', '', 'LIMA', '', 1, '2023-08-06 22:25:48', 1),
(790, '0790', 'PARINACOCHAS 155-11', '-12.058494492761008, -77.01835024986701', '', 'LIMA', '', 1, '2023-08-06 22:25:48', 1),
(791, '0791', 'PARINACOCHAS 155-12', '-12.058494492761008, -77.01835024986701', '', 'LIMA', '', 1, '2023-08-06 22:25:48', 1),
(792, '0792', 'PARINACOCHAS 155-13', '-12.058494492761008, -77.01835024986701', '', 'LIMA', '', 1, '2023-08-06 22:25:48', 1),
(793, '0793', 'PARINACOCHAS 155-14', '-12.058494492761008, -77.01835024986701', '', 'LIMA', '', 1, '2023-08-06 22:25:48', 1),
(794, '0794', 'PARINACOCHAS 155-15', '-12.058494492761008, -77.01835024986701', '', 'LIMA', '', 1, '2023-08-06 22:25:48', 1),
(795, '0795', 'PARINACOCHAS 155-16', '-12.058494492761008, -77.01835024986701', '', 'LIMA', '', 1, '2023-08-06 22:25:48', 1),
(796, '0796', 'PARINACOCHAS 175-01', '-12.058719070763372, -77.01828594297027', '', 'LIMA', '', 1, '2023-08-06 22:25:48', 1),
(797, '0797', 'PARINACOCHAS 175-02', '-12.058719070763372, -77.01828594297027', '', 'LIMA', '', 1, '2023-08-06 22:25:48', 1),
(798, '0798', 'PARINACOCHAS 175-03', '-12.058719070763372, -77.01828594297027', '', 'LIMA', '', 1, '2023-08-06 22:25:48', 1),
(799, '0799', 'PARINACOCHAS 175-04', '-12.058719070763372, -77.01828594297027', '', 'LIMA', '', 1, '2023-08-06 22:25:48', 1),
(800, '0800', 'PARINACOCHAS 175-05', '-12.058719070763372, -77.01828594297027', '', 'LIMA', '', 1, '2023-08-06 22:25:48', 1),
(801, '0801', 'PARINACOCHAS 175-06', '-12.058719070763372, -77.01828594297027', '', 'LIMA', '', 1, '2023-08-06 22:25:48', 1),
(802, '0802', 'PARINACOCHAS 175-07', '-12.058719070763372, -77.01828594297027', '', 'LIMA', '', 1, '2023-08-06 22:25:48', 1),
(803, '0803', 'PARINACOCHAS 175-08', '-12.058719070763372, -77.01828594297027', '', 'LIMA', '', 1, '2023-08-06 22:25:48', 1),
(804, '0804', 'PARINACOCHAS 175-09', '-12.058719070763372, -77.01828594297027', '', 'LIMA', '', 1, '2023-08-06 22:25:48', 1),
(805, '0805', 'PARINACOCHAS 175-10', '-12.058719070763372, -77.01828594297027', '', 'LIMA', '', 1, '2023-08-06 22:25:48', 1),
(806, '0806', 'PARINACOCHAS 175-11', '-12.058719070763372, -77.01828594297027', '', 'LIMA', '', 1, '2023-08-06 22:25:48', 1),
(807, '0807', 'PARINACOCHAS 175-12', '-12.058719070763372, -77.01828594297027', '', 'LIMA', '', 1, '2023-08-06 22:25:48', 1),
(808, '0808', 'PARINACOCHAS 175-13', '-12.058719070763372, -77.01828594297027', '', 'LIMA', '', 1, '2023-08-06 22:25:48', 1),
(809, '0809', 'PARINACOCHAS 175-14,15', '-12.058719070763372, -77.01828594297027', '', 'LIMA', '', 1, '2023-08-06 22:25:48', 1),
(810, '0810', 'PARINACOCHAS 175-16', '-12.058719070763372, -77.01828594297027', '', 'LIMA', '', 1, '2023-08-06 22:25:48', 1),
(811, '0811', 'PARINACOCHAS 175-17', '-12.058719070763372, -77.01828594297027', '', 'LIMA', '', 1, '2023-08-06 22:25:48', 1),
(812, '0812', 'PARINACOCHAS 175-18', '-12.058719070763372, -77.01828594297027', '', 'LIMA', '', 1, '2023-08-06 22:25:48', 1),
(813, '0813', 'PARINACOCHAS 175-19', '-12.058719070763372, -77.01828594297027', '', 'LIMA', '', 1, '2023-08-06 22:25:48', 1),
(814, '0814', 'PARINACOCHAS 175-20', '-12.058719070763372, -77.01828594297027', '', 'LIMA', '', 1, '2023-08-06 22:25:48', 1),
(815, '0815', 'PARINACOCHAS 175-21', '-12.058719070763372, -77.01828594297027', '', 'LIMA', '', 1, '2023-08-06 22:25:48', 1),
(816, '0816', 'PARINACOCHAS 175-22', '-12.058719070763372, -77.01828594297027', '', 'LIMA', '', 1, '2023-08-06 22:25:48', 1),
(817, '0817', 'PARINACOCHAS 175-23', '-12.058719070763372, -77.01828594297027', '', 'LIMA', '', 1, '2023-08-06 22:25:48', 1),
(818, '0818', 'PARINACOCHAS 175-24', '-12.058719070763372, -77.01828594297027', '', 'LIMA', '', 1, '2023-08-06 22:25:48', 1),
(819, '0819', 'PARINACOCHAS 196', '-12.058741366461065, -77.0184240767291', '', 'LIMA', '', 1, '2023-08-06 22:25:48', 2),
(820, '0820', 'PARURO 119', '-12.044959324103056, -77.02147730468798', '', 'LIMA', '', 1, '2023-08-06 22:25:48', 9),
(821, '0821', 'PARURO 300', '-12.046339514394282, -77.02221489041519', '', 'LIMA', '', 1, '2023-08-06 22:25:48', 1),
(822, '0822', 'PARURO 304-01 ALT.', '-12.0464034823751, -77.0222329340933', '', 'LIMA', '', 1, '2023-08-06 22:25:48', 1),
(823, '0823', 'PARURO 304-01 BJS.', '-12.0464034823751, -77.0222329340933', '', 'LIMA', '', 1, '2023-08-06 22:25:48', 1),
(824, '0824', 'PARURO 304-02 ALT.', '-12.0464034823751, -77.0222329340933', '', 'LIMA', '', 1, '2023-08-06 22:25:48', 1),
(825, '0825', 'PARURO 304-02 BJS.', '-12.0464034823751, -77.0222329340933', '', 'LIMA', '', 1, '2023-08-06 22:25:48', 1),
(826, '0826', 'PARURO 304-03 ALT.', '-12.0464034823751, -77.0222329340933', '', 'LIMA', '', 1, '2023-08-06 22:25:48', 1),
(827, '0827', 'PARURO 304-03 BJS.', '-12.0464034823751, -77.0222329340933', '', 'LIMA', '', 1, '2023-08-06 22:25:48', 1),
(828, '0828', 'PARURO 304-04 ALT.', '-12.0464034823751, -77.0222329340933', '', 'LIMA', '', 1, '2023-08-06 22:25:48', 1),
(829, '0829', 'PARURO 304-04 BJS.', '-12.0464034823751, -77.0222329340933', '', 'LIMA', '', 1, '2023-08-06 22:25:48', 1),
(830, '0830', 'PARURO 304-05 ALT.', '-12.0464034823751, -77.0222329340933', '', 'LIMA', '', 1, '2023-08-06 22:25:48', 1),
(831, '0831', 'PARURO 304-05 BJS.', '-12.0464034823751, -77.0222329340933', '', 'LIMA', '', 1, '2023-08-06 22:25:48', 1),
(832, '0832', 'PARURO 304-06 ALT.', '-12.0464034823751, -77.0222329340933', '', 'LIMA', '', 1, '2023-08-06 22:25:48', 1),
(833, '0833', 'PARURO 304-06 BJS.', '-12.0464034823751, -77.0222329340933', '', 'LIMA', '', 1, '2023-08-06 22:25:48', 1);
INSERT INTO `predios` (`id`, `codigo`, `nombre_predio`, `latlong`, `valor`, `departamento`, `foto`, `estado`, `fecha`, `id_categoria`) VALUES
(834, '0834', 'PARURO 304-07 ALT.', '-12.0464034823751, -77.0222329340933', '', 'LIMA', '', 1, '2023-08-06 22:25:48', 1),
(835, '0835', 'PARURO 304-07 BJS', '-12.0464034823751, -77.0222329340933', '', 'LIMA', '', 1, '2023-08-06 22:25:48', 1),
(836, '0836', 'PARURO 304-08 BJS', '-12.0464034823751, -77.0222329340933', '', 'LIMA', '', 1, '2023-08-06 22:25:48', 1),
(837, '0837', 'PARURO 304-09 BJS', '-12.0464034823751, -77.0222329340933', '', 'LIMA', '', 1, '2023-08-06 22:25:48', 1),
(838, '0838', 'PARURO 304-10 BJS.', '-12.0464034823751, -77.0222329340933', '', 'LIMA', '', 1, '2023-08-06 22:25:48', 1),
(839, '0839', 'PARURO 304-11 BJS.', '-12.0464034823751, -77.0222329340933', '', 'LIMA', '', 1, '2023-08-06 22:25:48', 1),
(840, '0840', 'PARURO 304-12 BJS.', '-12.0464034823751, -77.0222329340933', '', 'LIMA', '', 1, '2023-08-06 22:25:48', 1),
(841, '0841', 'PARURO 308', '-12.04644641770832, -77.02226205260145', '', 'LIMA', '', 1, '2023-08-06 22:25:48', 1),
(842, '0842', 'PARURO 314-01 ALT.', '-12.046504485472761, -77.0222820467968', '', 'LIMA', '', 1, '2023-08-06 22:25:48', 1),
(843, '0843', 'PARURO 314-02 ALT.', '-12.046504485472761, -77.0222820467968', '', 'LIMA', '', 1, '2023-08-06 22:25:48', 1),
(844, '0844', 'PARURO 660 INT.101', '-12.050095212774346, -77.02407583970415', '', 'LIMA', '', 1, '2023-08-06 22:25:48', 2),
(845, '0845', 'PARURO 660 INT.102', '-12.050095212774346, -77.02407583970415', '', 'LIMA', '', 1, '2023-08-06 22:25:48', 2),
(846, '0846', 'PARURO 660 INT.103', '-12.050095212774346, -77.02407583970415', '', 'LIMA', '', 1, '2023-08-06 22:25:48', 2),
(847, '0847', 'PARURO 660 INT.104', '-12.050095212774346, -77.02407583970415', '', 'LIMA', '', 1, '2023-08-06 22:25:48', 2),
(848, '0848', 'PARURO 660 INT-3- ALT', '-12.050095212774346, -77.02407583970415', '', 'LIMA', '', 1, '2023-08-06 22:25:48', 2),
(849, '0849', 'PARURO 660 INT.4A', '-12.050095212774346, -77.02407583970415', '', 'LIMA', '', 1, '2023-08-06 22:25:48', 2),
(850, '0850', 'PARURO 660 INT-4- ALT', '-12.050095212774346, -77.02407583970415', '', 'LIMA', '', 1, '2023-08-06 22:25:48', 2),
(851, '0851', 'PARURO 660 INT-5- ALT', '-12.050095212774346, -77.02407583970415', '', 'LIMA', '', 1, '2023-08-06 22:25:48', 2),
(852, '0852', 'MISTI 1048-01', '-12.058669481846596, -77.01983051104642', '', 'LIMA', '', 1, '2023-08-06 22:25:48', 1),
(853, '0853', ' MISTI 1048-02', '-12.058669481846596, -77.01983051104642', '', 'LIMA', '', 1, '2023-08-06 22:25:48', 1),
(854, '0854', 'MISTI 1048-03', '-12.058669481846596, -77.01983051104642', '', 'LIMA', '', 1, '2023-08-06 22:25:48', 1),
(855, '0855', 'MISTI 1048-04', '-12.058669481846596, -77.01983051104642', '', 'LIMA', '', 1, '2023-08-06 22:25:48', 1),
(856, '0856', 'MISTI 1048-05', '-12.058669481846596, -77.01983051104642', '', 'LIMA', '', 1, '2023-08-06 22:25:48', 1),
(857, '0857', 'MISTI 1048-06', '-12.058588147548072, -77.019881840557', '', 'LIMA', '', 1, '2023-08-06 22:25:48', 1),
(858, '0858', 'MISTI 1049-01,14', '-12.058588147548072, -77.019881840557', '', 'LIMA', '', 1, '2023-08-06 22:25:48', 1),
(859, '0859', 'MISTI 1049-02', '-12.058588147548072, -77.019881840557', '', 'LIMA', '', 1, '2023-08-06 22:25:48', 1),
(860, '0860', 'MISTI 1049-03', '-12.058588147548072, -77.019881840557', '', 'LIMA', '', 1, '2023-08-06 22:25:48', 1),
(861, '0861', 'MISTI 1049-04', '-12.058588147548072, -77.019881840557', '', 'LIMA', '', 1, '2023-08-06 22:25:48', 1),
(862, '0862', 'MISTI 1049-05', '-12.058588147548072, -77.019881840557', '', 'LIMA', '', 1, '2023-08-06 22:25:48', 1),
(863, '0863', ' MISTI 1049-07', '-12.058588147548072, -77.019881840557', '', 'LIMA', '', 1, '2023-08-06 22:25:48', 1),
(864, '0864', ' MISTI 1049-08', '-12.058588147548072, -77.019881840557', '', 'LIMA', '', 1, '2023-08-06 22:25:48', 1),
(865, '0865', ' MISTI 1049-09', '-12.058588147548072, -77.019881840557', '', 'LIMA', '', 1, '2023-08-06 22:25:48', 1),
(866, '0866', 'MISTI 1049-10', '-12.058588147548072, -77.019881840557', '', 'LIMA', '', 1, '2023-08-06 22:25:48', 1),
(867, '0867', ' MISTI 1049-11', '-12.058588147548072, -77.019881840557', '', 'LIMA', '', 1, '2023-08-06 22:25:48', 1),
(868, '0868', 'MISTI 1049-12', '-12.058588147548072, -77.019881840557', '', 'LIMA', '', 1, '2023-08-06 22:25:48', 1),
(869, '0869', 'MISTI 1049-13', '-12.058588147548072, -77.019881840557', '', 'LIMA', '', 1, '2023-08-06 22:25:48', 1),
(870, '0870', 'MISTI 1148-01', '-12.058582947689017, -77.01982368060597', '', 'LIMA', '', 1, '2023-08-06 22:25:48', 1),
(871, '0871', 'MISTI 1148-02', '-12.058582947689017, -77.01982368060597', '', 'LIMA', '', 1, '2023-08-06 22:25:48', 1),
(872, '0872', 'MISTI 1148-03', '-12.058582947689017, -77.01982368060597', '', 'LIMA', '', 1, '2023-08-06 22:25:48', 1),
(873, '0873', 'MISTI 1148-04', '-12.058582947689017, -77.01982368060597', '', 'LIMA', '', 1, '2023-08-06 22:25:48', 1),
(874, '0874', 'MISTI 1148-05', '-12.058582947689017, -77.01982368060597', '', 'LIMA', '', 1, '2023-08-06 22:25:48', 1),
(875, '0875', 'MISTI 1148-06', '-12.058582947689017, -77.01982368060597', '', 'LIMA', '', 1, '2023-08-06 22:25:48', 1),
(876, '0876', 'MISTI 1148-08', '-12.058582947689017, -77.01982368060597', '', 'LIMA', '', 1, '2023-08-06 22:25:48', 1),
(877, '0877', 'MISTI 1148-07', '-12.058582947689017, -77.01982368060597', '', 'LIMA', '', 1, '2023-08-06 22:25:48', 1),
(878, '0878', ' MISTI 1148-09', '-12.058582947689017, -77.01982368060597', '', 'LIMA', '', 1, '2023-08-06 22:25:48', 1),
(879, '0879', 'MISTI 1148-10', '-12.058582947689017, -77.01982368060597', '', 'LIMA', '', 1, '2023-08-06 22:25:48', 1),
(880, '0880', 'MISTI 1148-11', '-12.058582947689017, -77.01982368060597', '', 'LIMA', '', 1, '2023-08-06 22:25:48', 1),
(881, '0881', 'MISTI 1148-12', '-12.058582947689017, -77.01982368060597', '', 'LIMA', '', 1, '2023-08-06 22:25:48', 1),
(882, '0882', 'MISTI 1148-13', '-12.058582947689017, -77.01982368060597', '', 'LIMA', '', 1, '2023-08-06 22:25:48', 1),
(883, '0883', 'MISTI 1148-14', '-12.058582947689017, -77.01982368060597', '', 'LIMA', '', 1, '2023-08-06 22:25:48', 1),
(884, '0884', 'MISTI 1245-01', '', '', 'LIMA', '', 1, '2023-08-06 22:25:48', 1),
(885, '0885', 'MISTI 1245-02', '', '', 'LIMA', '', 1, '2023-08-06 22:25:48', 1),
(886, '0886', 'MISTI 1245-03', '', '', 'LIMA', '', 1, '2023-08-06 22:25:48', 1),
(887, '0887', 'MISTI 1245-04', '', '', 'LIMA', '', 1, '2023-08-06 22:25:48', 1),
(888, '0888', 'MISTI 1245-05', '', '', 'LIMA', '', 1, '2023-08-06 22:25:48', 1),
(889, '0889', 'MISTI 1246-01', '', '', 'LIMA', '', 1, '2023-08-06 22:25:48', 1),
(890, '0890', 'MISTI 1246-02', '', '', 'LIMA', '', 1, '2023-08-06 22:25:48', 1),
(891, '0891', 'MISTI 1246-03', '', '', 'LIMA', '', 1, '2023-08-06 22:25:48', 1),
(892, '0892', 'MISTI 1246-04', '', '', 'LIMA', '', 1, '2023-08-06 22:25:48', 1),
(893, '0893', 'MISTI 1246-05', '', '', 'LIMA', '', 1, '2023-08-06 22:25:48', 1),
(894, '0894', 'MISTI 1246-06', '', '', 'LIMA', '', 1, '2023-08-06 22:25:48', 1),
(895, '0895', 'MISTI 1246-07', '', '', 'LIMA', '', 1, '2023-08-06 22:25:48', 1),
(896, '0896', 'MISTI 1247-01', '', '', 'LIMA', '', 1, '2023-08-06 22:25:48', 1),
(897, '0897', 'MISTI 1247-02', '', '', 'LIMA', '', 1, '2023-08-06 22:25:48', 1),
(898, '0898', 'MISTI 1247-03', '', '', 'LIMA', '', 1, '2023-08-06 22:25:48', 1),
(899, '0899', 'MISTI 1247-04', '', '', 'LIMA', '', 1, '2023-08-06 22:25:48', 1),
(900, '0900', 'MISTI 1247-05', '', '', 'LIMA', '', 1, '2023-08-06 22:25:48', 1),
(901, '0901', 'MISTI 1247-06', '', '', 'LIMA', '', 1, '2023-08-06 22:25:48', 1),
(902, '0902', 'MISTI 1247-07', '', '', 'LIMA', '', 1, '2023-08-06 22:25:48', 1),
(903, '0903', 'MISTI 1247-08', '', '', 'LIMA', '', 1, '2023-08-06 22:25:48', 1),
(904, '0904', 'MISTI 1247-09', '', '', 'LIMA', '', 1, '2023-08-06 22:25:48', 1),
(905, '0905', 'MISTI 1247-10', '', '', 'LIMA', '', 1, '2023-08-06 22:25:48', 1),
(906, '0906', 'MISTI 1247-11', '', '', 'LIMA', '', 1, '2023-08-06 22:25:48', 1),
(907, '0907', 'MISTI 1247-12', '', '', 'LIMA', '', 1, '2023-08-06 22:25:48', 1),
(908, '0908', 'MISTI 1247-13', '', '', 'LIMA', '', 1, '2023-08-06 22:25:48', 1),
(909, '0909', 'MISTI 1247-14', '', '', 'LIMA', '', 1, '2023-08-06 22:25:48', 1),
(910, '0910', 'MISTI 1247-15', '', '', 'LIMA', '', 1, '2023-08-06 22:25:48', 1),
(911, '0911', 'MISTI 1247-16', '', '', 'LIMA', '', 1, '2023-08-06 22:25:48', 1),
(912, '0912', 'MISTI 1247-17', '', '', 'LIMA', '', 1, '2023-08-06 22:25:48', 1),
(913, '0913', 'MISTI 1247-18', '', '', 'LIMA', '', 1, '2023-08-06 22:25:48', 1),
(914, '0914', 'MISTI 1247-19', '', '', 'LIMA', '', 1, '2023-08-06 22:25:48', 1),
(915, '0915', 'MISTI 1247-20', '', '', 'LIMA', '', 1, '2023-08-06 22:25:48', 1),
(916, '0916', 'MISTI 1247-21', '', '', 'LIMA', '', 1, '2023-08-06 22:25:48', 1),
(917, '0917', 'MISTI 1247-22', '', '', 'LIMA', '', 1, '2023-08-06 22:25:48', 1),
(918, '0918', 'MISTI 1247-23', '', '', 'LIMA', '', 1, '2023-08-06 22:25:48', 1),
(919, '0919', 'MISTI 1260-01', '', '', 'LIMA', '', 1, '2023-08-06 22:25:48', 1),
(920, '0920', 'MISTI 1260-02', '', '', 'LIMA', '', 1, '2023-08-06 22:25:48', 1),
(921, '0921', 'MISTI 1260-03', '', '', 'LIMA', '', 1, '2023-08-06 22:25:48', 1),
(922, '0922', 'MISTI 1260-04', '', '', 'LIMA', '', 1, '2023-08-06 22:25:48', 1),
(923, '0923', 'MISTI 1260-05', '', '', 'LIMA', '', 1, '2023-08-06 22:25:48', 1),
(924, '0924', 'MISTI 1260-08', '', '', 'LIMA', '', 1, '2023-08-06 22:25:48', 1),
(925, '0925', 'MISTI 1260-06', '', '', 'LIMA', '', 1, '2023-08-06 22:25:48', 1),
(926, '0926', 'MISTI 1260-07', '', '', 'LIMA', '', 1, '2023-08-06 22:25:48', 1),
(927, '0927', 'MISTI 1260-09', '', '', 'LIMA', '', 1, '2023-08-06 22:25:48', 1),
(928, '0928', 'MISTI 1261-01', '', '', 'LIMA', '', 1, '2023-08-06 22:25:48', 1),
(929, '0929', 'PROLONG. MISTI 1261-02', '', '', 'LIMA', '', 1, '2023-08-06 22:25:48', 1),
(930, '0930', 'PROLONG. MISTI 1261-03', '', '', 'LIMA', '', 1, '2023-08-06 22:25:48', 1),
(931, '0931', 'PROLONG. MISTI 1261-04', '', '', 'LIMA', '', 1, '2023-08-06 22:25:48', 1),
(932, '0932', 'PROLONG. MISTI 1261-05', '', '', 'LIMA', '', 1, '2023-08-06 22:25:48', 1),
(933, '0933', 'PROLONG. MISTI 1261-06', '', '', 'LIMA', '', 1, '2023-08-06 22:25:48', 1),
(934, '0934', 'PROLONG. MISTI 1261-07', '', '', 'LIMA', '', 1, '2023-08-06 22:25:48', 1),
(935, '0935', 'PROLONG. MISTI 1261-07-A', '', '', 'LIMA', '', 1, '2023-08-06 22:25:48', 1),
(936, '0936', 'PROLONG. MISTI 1261-08', '', '', 'LIMA', '', 1, '2023-08-06 22:25:48', 1),
(937, '0937', 'PROLONG. MISTI 1261-09', '', '', 'LIMA', '', 1, '2023-08-06 22:25:48', 1),
(938, '0938', 'PROLONG. MISTI 1261-10', '', '', 'LIMA', '', 1, '2023-08-06 22:25:48', 1),
(939, '0939', 'PROLONG. MISTI 1261-11', '', '', 'LIMA', '', 1, '2023-08-06 22:25:48', 1),
(940, '0940', 'PROLONG. MISTI 1261-12', '', '', 'LIMA', '', 1, '2023-08-06 22:25:48', 1),
(941, '0941', 'PROLONG. MISTI 1261-13', '', '', 'LIMA', '', 1, '2023-08-06 22:25:48', 1),
(942, '0942', 'PROLONG. MISTI 1261-14', '', '', 'LIMA', '', 1, '2023-08-06 22:25:48', 1),
(943, '0943', 'PROLONG. MISTI 1261-15', '', '', 'LIMA', '', 1, '2023-08-06 22:25:48', 1),
(944, '0944', 'PROLONG. MISTI 1261-16', '', '', 'LIMA', '', 1, '2023-08-06 22:25:48', 1),
(945, '0945', 'PROLONG. MISTI 1261-17', '', '', 'LIMA', '', 1, '2023-08-06 22:25:48', 1),
(946, '0946', 'PROLONG. MISTI 1261-18', '', '', 'LIMA', '', 1, '2023-08-06 22:25:48', 1),
(947, '0947', 'PROLONG. MISTI 1270-01', '', '', 'LIMA', '', 1, '2023-08-06 22:25:48', 1),
(948, '0948', 'PROLONG. MISTI 1270-02', '', '', 'LIMA', '', 1, '2023-08-06 22:25:48', 1),
(949, '0949', 'PROLONG. MISTI 1270-03,04', '', '', 'LIMA', '', 1, '2023-08-06 22:25:48', 1),
(950, '0950', 'PROLONG. MISTI 1270-05', '', '', 'LIMA', '', 1, '2023-08-06 22:25:48', 1),
(951, '0951', 'PROLONG. MISTI 1270-06', '', '', 'LIMA', '', 1, '2023-08-06 22:25:48', 1),
(952, '0952', 'PROLONG. MISTI 1270-07', '', '', 'LIMA', '', 1, '2023-08-06 22:25:48', 1),
(953, '0953', 'PROLONG. MISTI 1271-01', '', '', 'LIMA', '', 1, '2023-08-06 22:25:48', 1),
(954, '0954', 'PROLONG. MISTI 1271-02', '', '', 'LIMA', '', 1, '2023-08-06 22:25:48', 1),
(955, '0955', 'PROLONG. MISTI 1271-03', '', '', 'LIMA', '', 1, '2023-08-06 22:25:48', 1),
(956, '0956', 'PROLONG. MISTI 1271-04', '', '', 'LIMA', '', 1, '2023-08-06 22:25:48', 1),
(957, '0957', 'PROLONG. MISTI 1271-05', '', '', 'LIMA', '', 1, '2023-08-06 22:25:48', 1),
(958, '0958', 'PROLONG. MISTI 1271-06', '', '', 'LIMA', '', 1, '2023-08-06 22:25:48', 1),
(959, '0959', 'PROLONG. MISTI 1271-07', '', '', 'LIMA', '', 1, '2023-08-06 22:25:48', 1),
(960, '0960', 'PROLONG. MISTI 1271-08', '', '', 'LIMA', '', 1, '2023-08-06 22:25:48', 1),
(961, '0961', 'PROLONG. MISTI 1271-09', '', '', 'LIMA', '', 1, '2023-08-06 22:25:48', 1),
(962, '0962', 'PROLONG. MISTI 1277-01', '', '', 'LIMA', '', 1, '2023-08-06 22:25:48', 1),
(963, '0963', 'PROLONG. MISTI 1277-02', '', '', 'LIMA', '', 1, '2023-08-06 22:25:48', 1),
(964, '0964', 'PROLONG. MISTI 1277-03', '', '', 'LIMA', '', 1, '2023-08-06 22:25:48', 1),
(965, '0965', 'PROLONG. MISTI 1277-04', '', '', 'LIMA', '', 1, '2023-08-06 22:25:48', 1),
(966, '0966', 'PROLONG. MISTI 1277-08', '', '', 'LIMA', '', 1, '2023-08-06 22:25:48', 1),
(967, '0967', 'PROLONG. MISTI 1277-05', '', '', 'LIMA', '', 1, '2023-08-06 22:25:48', 1),
(968, '0968', 'PROLONG. MISTI 1277-06', '', '', 'LIMA', '', 1, '2023-08-06 22:25:48', 1),
(969, '0969', 'PROLONG. MISTI 1277-07', '', '', 'LIMA', '', 1, '2023-08-06 22:25:48', 1),
(970, '0970', 'PROLONG. MISTI 1277-09', '', '', 'LIMA', '', 1, '2023-08-06 22:25:48', 1),
(971, '0971', 'PROLONG. MISTI 1277-10', '', '', 'LIMA', '', 1, '2023-08-06 22:25:48', 1),
(972, '0972', 'PROLONG. MISTI 1277-11', '', '', 'LIMA', '', 1, '2023-08-06 22:25:48', 1),
(973, '0973', 'PROLONG. MISTI 1277-12', '', '', 'LIMA', '', 1, '2023-08-06 22:25:48', 1),
(974, '0974', 'PROLONG. MISTI 1277-13', '', '', 'LIMA', '', 1, '2023-08-06 22:25:48', 1),
(975, '0975', 'PROLONG. MISTI 1277-14', '', '', 'LIMA', '', 1, '2023-08-06 22:25:48', 1),
(976, '0976', 'PROLONG. MISTI 1277-15', '', '', 'LIMA', '', 1, '2023-08-06 22:25:48', 1),
(977, '0977', 'PROLONG. MISTI 1278', '', '', 'LIMA', '', 1, '2023-08-06 22:25:48', 2),
(978, '0978', 'PROLONG. MISTI 1278-C', '', '', 'LIMA', '', 1, '2023-08-06 22:25:48', 2),
(979, '0979', 'PROLONG. MISTI 1285', '', '', 'LIMA', '', 1, '2023-08-06 22:25:48', 1),
(980, '0980', 'PROLONG. MISTI 1286', '', '', 'LIMA', '', 1, '2023-08-06 22:25:48', 1),
(981, '0981', 'PROLONG. MISTI 1288', '', '', 'LIMA', '', 1, '2023-08-06 22:25:48', 1),
(982, '0982', 'PROLONG. MISTI 1290', '', '', 'LIMA', '', 1, '2023-08-06 22:25:48', 1),
(983, '0983', 'PROLONG. MISTI 1292', '', '', 'LIMA', '', 1, '2023-08-06 22:25:48', 1),
(984, '0984', 'PROLONG. MISTI 1294', '', '', 'LIMA', '', 1, '2023-08-06 22:25:48', 1),
(985, '0985', 'RAYMONDI 1301', '-12.05890338498018, -77.0173357724059', '', 'LIMA', '', 1, '2023-08-06 22:25:48', 2),
(986, '0986', 'RAYMONDI 1303', '-12.058915170917547, -77.0173785018075', '', 'LIMA', '', 1, '2023-08-06 22:25:48', 9),
(987, '0987', 'RAYMONDI 1343', '', '', 'LIMA', '', 1, '2023-08-06 22:25:48', 1),
(988, '0988', 'RAYMONDI 1351', '', '', 'LIMA', '', 1, '2023-08-06 22:25:48', 1),
(989, '0989', 'RAYMONDI 1359', '', '', 'LIMA', '', 1, '2023-08-06 22:25:48', 1),
(990, '0990', 'SIMON RODRIGUEZ 643', '-12.04762711846147, -77.02491442664972', '', 'LIMA', '', 1, '2023-08-06 22:25:48', 2),
(991, '0991', 'SIMON RODRIGUEZ 649-651,653', '-12.047697306009745, -77.02480438193071', '', 'LIMA', '', 1, '2023-08-06 22:25:48', 2),
(992, '0992', 'SIMON RODRIGUEZ 645', '', '', 'LIMA', '', 1, '2023-08-06 22:25:48', 2),
(993, '0993', 'RUFINO TORRICO 556', '-12.046633030431938, -77.03622018463788', '', 'LIMA', '', 1, '2023-08-06 22:25:48', 2),
(994, '0994', 'RUFINO TORRICO 556 - A', '-12.046604175873755, -77.03619671530932', '', 'LIMA', '', 1, '2023-08-06 22:25:48', 2),
(995, '0995', 'RUFINO TORRICO 558', '-12.04666647548412, -77.03625438280235', '', 'LIMA', '', 1, '2023-08-06 22:25:48', 2),
(996, '0996', 'URUGUAY 126-15', '-12.053942466370142, -77.03659004585394', '', 'LIMA', '', 1, '2023-08-06 22:25:48', 9),
(997, '0997', 'VENEZUELA 3450 Y 3452', '', '', 'LIMA', '', 1, '2023-08-06 22:25:48', 9),
(998, '0998', 'GENERAL ALVAREZ ARENALES 1256', '-12.077414463899133, -77.03682274878506', '', 'LIMA', '', 1, '2023-08-06 22:25:48', 9),
(999, '0999', 'GENERAL ANDRES DE SANTA CRUZ 711', '-12.072614256112937, -77.04320332912805', '', 'LIMA', '', 1, '2023-08-06 22:25:48', 9),
(1000, '1000', 'CIRCUNVALACIÓN N°2800', '-12.081234622932275, -76.9869616649243', '', 'LIMA', '', 1, '2023-08-06 22:25:48', 9),
(1001, '1001', 'NARCISO DE LA COLINA 398', '-12.118411236136566, -77.02693587127851', '', 'LIMA', '', 1, '2023-08-06 22:25:48', 9),
(1002, '1002', 'MARQUES DE TORRE TAGLE 176', '-12.118462703357542, -77.03934576964551', '', 'LIMA', '', 1, '2023-08-06 22:25:48', 9),
(1003, '1003', 'CUZCO 672 -674', '-12.052781147671007, -77.02692706964159', '', 'LIMA', '', 1, '2023-08-06 22:25:48', 2),
(1004, '1004', 'CUZCO 676', '-12.052796886159111, -77.02690829417922', '', 'LIMA', '', 1, '2023-08-06 22:25:48', 2),
(1005, '1005', '28 DE JULIO 1942', '-12.062447351202529, -77.02225939237161', '', 'LIMA', '', 1, '2023-08-06 22:25:48', 9),
(1006, '1006', ' CARLOS DE LOS HEROS S/N LP.08', '', '', 'LIMA', '', 1, '2023-08-06 22:25:48', 9),
(1007, '1007', 'MANCO CÁPAC MZ 59 LT 13', '', '', 'LIMA', '', 1, '2023-08-06 22:25:48', 9),
(1008, '1008', 'MANCO CÁPAC MZ 59 LT 14', '', '', 'LIMA', '', 1, '2023-08-06 22:25:48', 9),
(1009, '1009', ' Cieza de León 243 Mz. Q Lt.13', '', '', 'LIMA', '', 1, '2023-08-06 22:25:48', 9),
(1010, '1010', 'Cieza de León 213 Mz. Q Lt.08', '', '', 'LIMA', '', 1, '2023-08-06 22:25:48', 9),
(1011, '1011', 'POMABAMBA 405', '-12.05180523488586, -77.04605208289932', '', 'LIMA', '', 1, '2023-08-06 22:25:48', 9),
(1012, '1012', 'CAPAC YUPANQUI 1700', '-12.0830340994527, -77.04204964892868', '', 'LIMA', '', 1, '2023-08-06 22:25:48', 9),
(1013, '1013', 'Fernado Wiesse, Bayovar y Jr. de la Salud, Sector II  de la Ciudad Mariscal Caceres - Canto Grande', '-11.953926349841002, -76.98735375088516', '', 'LIMA', '', 1, '2023-08-06 22:25:48', 9),
(1014, '1014', 'LAS TRES QUEBRADAS 04560 ', '-11.95395037832422, -76.98734330973446', '', 'AREQUIPA', '', 1, '2023-08-06 22:25:48', 9),
(1016, '1016', 'Lima -Vilcanota 106-117', '-14.356796125583235, -71.16786168834717', '', 'Cusco', '', 1, '2023-08-06 22:25:48', 9),
(1017, '1017', 'Camino de herradura hacia la comunidad de Sullca', '', '', 'Cusco', '', 1, '2023-08-06 22:25:48', 9);

-- --------------------------------------------------------

--
-- Estructura de tabla para la tabla `proveedor`
--

CREATE TABLE `proveedor` (
  `id` int(11) NOT NULL,
  `ruc` varchar(15) NOT NULL,
  `nombre` varchar(255) NOT NULL,
  `telefono` varchar(80) NOT NULL,
  `direccion` varchar(255) NOT NULL,
  `fecha` timestamp NOT NULL DEFAULT current_timestamp() ON UPDATE current_timestamp(),
  `estado` int(11) NOT NULL DEFAULT 1
) ENGINE=InnoDB DEFAULT CHARSET=utf8mb4;

-- --------------------------------------------------------

--
-- Estructura de tabla para la tabla `usuarios`
--

CREATE TABLE `usuarios` (
  `id` int(11) NOT NULL,
  `nombre` varchar(100) NOT NULL,
  `apellido` varchar(100) NOT NULL,
  `correo` varchar(100) NOT NULL,
  `telefono` varchar(15) NOT NULL,
  `direccion` varchar(255) NOT NULL,
  `perfil` varchar(100) DEFAULT NULL,
  `clave` varchar(200) NOT NULL,
  `token` int(100) DEFAULT NULL,
  `fecha` timestamp NOT NULL DEFAULT current_timestamp() ON UPDATE current_timestamp(),
  `estado` int(11) NOT NULL DEFAULT 1,
  `rol` int(11) NOT NULL
) ENGINE=InnoDB DEFAULT CHARSET=utf8mb4;

--
-- Volcado de datos para la tabla `usuarios`
--

INSERT INTO `usuarios` (`id`, `nombre`, `apellido`, `correo`, `telefono`, `direccion`, `perfil`, `clave`, `token`, `fecha`, `estado`, `rol`) VALUES
(13, 'jhon', 'pro', 'jhon@gmail.com', '5665456', 'afkjasjkna', NULL, '$2y$10$X2axTvx.X6T0H0SJJ65H9eDp5ggx0DW0DZQ6GTHewIIEQ.Re/UIvG', NULL, '2023-07-02 04:46:56', 0, 1),
(14, 'a', 'a', 'a@gmail.com', '374313678', 'a', NULL, '$2y$10$ltYOd0wcmN5Lli3Vy3OhxuDHW852yZUa4avSSeNcUB2lOrd3zWspG', NULL, '2023-08-01 17:45:12', 0, 1),
(15, 'editado', 'ediutado', 'asd@gmail.com', '54546654', 'assdas', NULL, '$2y$10$cFjpdMDg93B4tneU.Fn.SeTfC7QZQwaqJZUKRgc5I7cpIyi3IYQce', NULL, '2023-07-02 19:04:25', 1, 1),
(16, 'zza', 'undefined', 'z@gmail.com', '1313131', 'zz', NULL, '$2y$10$W.xQrki7uYoyJMGq4OzewumgsHFEUnvm8L9kwbBiWw.hcyzsG0dQK', NULL, '2023-07-26 20:04:05', 1, 2),
(17, 'prueba2', 'prueba2', 'prueba1@gmail.com', '321654987', 'prueba1', NULL, '$2y$10$LEGt6LxOWQhrwpmWCk460O94BvqhgSW206XNi4qzvJuF9FNeMIGge', NULL, '2023-07-26 20:03:31', 0, 2),
(18, 'VA', 'undefined', 'vaca@gmail.com', '121121212', 'vacasa', NULL, '$2y$10$vUpb76GrsPkU8kF.jJbIw.xqeS0dTa0325TEpd.XfrLQs0L4kO0DO', NULL, '2023-07-12 18:52:32', 1, 2),
(19, 'gaa', 'gaa2', 'gaa@gmail.com', '832734747', 'gaa', NULL, '$2y$10$gbhGMWmXEi4f70LAQu2EuOQCzj1npVXJN/vCMlZtu5PLvWjkGv/Va', NULL, '2023-07-03 21:38:34', 1, 2),
(20, 'negra2', 'negrita2', 'n@gmail.com', '98283838', 'negra con....', NULL, '$2y$10$ItzijtizQkfL9nQKx2NnsuGoarx0uo/Zmnvtu25PQwiNebt4kiqrS', NULL, '2023-07-26 20:03:29', 0, 2),
(21, 'kkk', 'asd', 'asdasda@gmail.com', '12387213', 'asdsaf', NULL, '$2y$10$2K1otU8YGBsu7knaSV8g1O18762cur2Q7rJlUPvZqInYXuJWkN8JW', NULL, '2023-07-05 22:34:41', 1, 2),
(22, 'aaaaaas', 'aaaaaas', 'aaaaaaas@gmail.com', '12312313', 'sadas', NULL, '$2y$10$0mpe1LKOfQwMahry4RxOse.tzRqlt7798l9j9oD3RAC/BMy25KG5K', NULL, '2023-07-26 20:03:25', 0, 2),
(23, 'ULTIMO', 'USUARIO', 'ASDASD@gmail.com', '123213124', 'dasdasd', NULL, '$2y$10$Hr38XrqQVKgBSzUsefjlauQLxKW6kM33RJHqF.svd0QOd8V5ozZWC', NULL, '2023-07-12 18:51:01', 1, 2),
(24, 'ww', 'ww', 'ww@gmail.com', '987687687', 'asds', NULL, '$2y$10$wkUNxz7w3ivt8pY0N37jUOTRE2AHnyeGACacBpTv6XDKDngSoljr.', NULL, '2023-07-26 20:03:55', 1, 1),
(25, 'lll', 'lll', 'lll@gmail.com', '123', '123', NULL, '$2y$10$rt6AN/ENzO3C5QZkYt5K9ep1lU2pFySPzlyNXkqezZ2YC/H3ny7nK', NULL, '2023-08-01 10:57:23', 1, 1);

-- --------------------------------------------------------

--
-- Estructura de tabla para la tabla `ventas`
--

CREATE TABLE `ventas` (
  `id` int(11) NOT NULL,
  `productos` longtext NOT NULL,
  `lotal` decimal(10,0) NOT NULL,
  `fecha` date NOT NULL,
  `hora` time NOT NULL,
  `estado` int(11) NOT NULL DEFAULT 1,
  `apertura` int(11) NOT NULL DEFAULT 1,
  `id_cliente` int(11) NOT NULL,
  `id_usuario` int(11) NOT NULL
) ENGINE=InnoDB DEFAULT CHARSET=utf8mb4;

--
-- Índices para tablas volcadas
--

--
-- Indices de la tabla `abonos`
--
ALTER TABLE `abonos`
  ADD PRIMARY KEY (`id`);

--
-- Indices de la tabla `apartados`
--
ALTER TABLE `apartados`
  ADD PRIMARY KEY (`id`),
  ADD KEY `ir_cliente` (`ir_cliente`);

--
-- Indices de la tabla `cajas`
--
ALTER TABLE `cajas`
  ADD PRIMARY KEY (`id`),
  ADD KEY `id_usuario` (`id_usuario`);

--
-- Indices de la tabla `categorias`
--
ALTER TABLE `categorias`
  ADD PRIMARY KEY (`id`);

--
-- Indices de la tabla `clientes`
--
ALTER TABLE `clientes`
  ADD PRIMARY KEY (`id`);

--
-- Indices de la tabla `compras`
--
ALTER TABLE `compras`
  ADD PRIMARY KEY (`id`),
  ADD KEY `id_proveedor` (`id_proveedor`),
  ADD KEY `id_usuario` (`id_usuario`);

--
-- Indices de la tabla `configuracion`
--
ALTER TABLE `configuracion`
  ADD PRIMARY KEY (`id`);

--
-- Indices de la tabla `cotizaciones`
--
ALTER TABLE `cotizaciones`
  ADD PRIMARY KEY (`id`),
  ADD KEY `id_cliente` (`id_cliente`);

--
-- Indices de la tabla `creditos`
--
ALTER TABLE `creditos`
  ADD PRIMARY KEY (`id`),
  ADD KEY `id_venta` (`id_venta`);

--
-- Indices de la tabla `gastos`
--
ALTER TABLE `gastos`
  ADD PRIMARY KEY (`id`),
  ADD KEY `id_usuario` (`id_usuario`);

--
-- Indices de la tabla `inventario`
--
ALTER TABLE `inventario`
  ADD PRIMARY KEY (`id`),
  ADD KEY `id_producto` (`id_producto`),
  ADD KEY `id_usuario` (`id_usuario`);

--
-- Indices de la tabla `medidas`
--
ALTER TABLE `medidas`
  ADD PRIMARY KEY (`id`);

--
-- Indices de la tabla `predios`
--
ALTER TABLE `predios`
  ADD PRIMARY KEY (`id`),
  ADD KEY `id_categoria` (`id_categoria`);

--
-- Indices de la tabla `proveedor`
--
ALTER TABLE `proveedor`
  ADD PRIMARY KEY (`id`);

--
-- Indices de la tabla `usuarios`
--
ALTER TABLE `usuarios`
  ADD PRIMARY KEY (`id`);

--
-- Indices de la tabla `ventas`
--
ALTER TABLE `ventas`
  ADD PRIMARY KEY (`id`),
  ADD KEY `id_cliente` (`id_cliente`),
  ADD KEY `id_usuario` (`id_usuario`);

--
-- AUTO_INCREMENT de las tablas volcadas
--

--
-- AUTO_INCREMENT de la tabla `abonos`
--
ALTER TABLE `abonos`
  MODIFY `id` int(11) NOT NULL AUTO_INCREMENT;

--
-- AUTO_INCREMENT de la tabla `apartados`
--
ALTER TABLE `apartados`
  MODIFY `id` int(11) NOT NULL AUTO_INCREMENT;

--
-- AUTO_INCREMENT de la tabla `cajas`
--
ALTER TABLE `cajas`
  MODIFY `id` int(11) NOT NULL AUTO_INCREMENT;

--
-- AUTO_INCREMENT de la tabla `categorias`
--
ALTER TABLE `categorias`
  MODIFY `id` int(11) NOT NULL AUTO_INCREMENT, AUTO_INCREMENT=13;

--
-- AUTO_INCREMENT de la tabla `clientes`
--
ALTER TABLE `clientes`
  MODIFY `id` int(11) NOT NULL AUTO_INCREMENT;

--
-- AUTO_INCREMENT de la tabla `compras`
--
ALTER TABLE `compras`
  MODIFY `id` int(11) NOT NULL AUTO_INCREMENT;

--
-- AUTO_INCREMENT de la tabla `configuracion`
--
ALTER TABLE `configuracion`
  MODIFY `id` int(11) NOT NULL AUTO_INCREMENT, AUTO_INCREMENT=4;

--
-- AUTO_INCREMENT de la tabla `cotizaciones`
--
ALTER TABLE `cotizaciones`
  MODIFY `id` int(11) NOT NULL AUTO_INCREMENT;

--
-- AUTO_INCREMENT de la tabla `creditos`
--
ALTER TABLE `creditos`
  MODIFY `id` int(11) NOT NULL AUTO_INCREMENT;

--
-- AUTO_INCREMENT de la tabla `gastos`
--
ALTER TABLE `gastos`
  MODIFY `id` int(11) NOT NULL AUTO_INCREMENT;

--
-- AUTO_INCREMENT de la tabla `inventario`
--
ALTER TABLE `inventario`
  MODIFY `id` int(11) NOT NULL AUTO_INCREMENT;

--
-- AUTO_INCREMENT de la tabla `medidas`
--
ALTER TABLE `medidas`
  MODIFY `id` int(11) NOT NULL AUTO_INCREMENT, AUTO_INCREMENT=7;

--
-- AUTO_INCREMENT de la tabla `predios`
--
ALTER TABLE `predios`
  MODIFY `id` int(11) NOT NULL AUTO_INCREMENT, AUTO_INCREMENT=1018;

--
-- AUTO_INCREMENT de la tabla `proveedor`
--
ALTER TABLE `proveedor`
  MODIFY `id` int(11) NOT NULL AUTO_INCREMENT;

--
-- AUTO_INCREMENT de la tabla `usuarios`
--
ALTER TABLE `usuarios`
  MODIFY `id` int(11) NOT NULL AUTO_INCREMENT, AUTO_INCREMENT=26;

--
-- AUTO_INCREMENT de la tabla `ventas`
--
ALTER TABLE `ventas`
  MODIFY `id` int(11) NOT NULL AUTO_INCREMENT;

--
-- Restricciones para tablas volcadas
--

--
-- Filtros para la tabla `apartados`
--
ALTER TABLE `apartados`
  ADD CONSTRAINT `apartados_ibfk_1` FOREIGN KEY (`ir_cliente`) REFERENCES `clientes` (`id`);

--
-- Filtros para la tabla `cajas`
--
ALTER TABLE `cajas`
  ADD CONSTRAINT `cajas_ibfk_1` FOREIGN KEY (`id_usuario`) REFERENCES `usuarios` (`id`);

--
-- Filtros para la tabla `compras`
--
ALTER TABLE `compras`
  ADD CONSTRAINT `compras_ibfk_1` FOREIGN KEY (`id_proveedor`) REFERENCES `proveedor` (`id`),
  ADD CONSTRAINT `compras_ibfk_2` FOREIGN KEY (`id_usuario`) REFERENCES `usuarios` (`id`);

--
-- Filtros para la tabla `cotizaciones`
--
ALTER TABLE `cotizaciones`
  ADD CONSTRAINT `cotizaciones_ibfk_1` FOREIGN KEY (`id_cliente`) REFERENCES `clientes` (`id`);

--
-- Filtros para la tabla `creditos`
--
ALTER TABLE `creditos`
  ADD CONSTRAINT `creditos_ibfk_1` FOREIGN KEY (`id_venta`) REFERENCES `ventas` (`id`);

--
-- Filtros para la tabla `gastos`
--
ALTER TABLE `gastos`
  ADD CONSTRAINT `gastos_ibfk_1` FOREIGN KEY (`id_usuario`) REFERENCES `usuarios` (`id`);

--
-- Filtros para la tabla `inventario`
--
ALTER TABLE `inventario`
  ADD CONSTRAINT `inventario_ibfk_1` FOREIGN KEY (`id_producto`) REFERENCES `productos` (`id`),
  ADD CONSTRAINT `inventario_ibfk_2` FOREIGN KEY (`id_usuario`) REFERENCES `usuarios` (`id`);

--
-- Filtros para la tabla `ventas`
--
ALTER TABLE `ventas`
  ADD CONSTRAINT `ventas_ibfk_1` FOREIGN KEY (`id_cliente`) REFERENCES `clientes` (`id`),
  ADD CONSTRAINT `ventas_ibfk_2` FOREIGN KEY (`id_usuario`) REFERENCES `usuarios` (`id`);
COMMIT;

/*!40101 SET CHARACTER_SET_CLIENT=@OLD_CHARACTER_SET_CLIENT */;
/*!40101 SET CHARACTER_SET_RESULTS=@OLD_CHARACTER_SET_RESULTS */;
/*!40101 SET COLLATION_CONNECTION=@OLD_COLLATION_CONNECTION */;
